Hugo Symbol	# of occurrence within resources (Column D-J)	OncoKB Annotated	Is Oncogene	Is Tumor Suppressor Gene	MSK-IMPACT	MSK-HEME	FOUNDATION ONE	FOUNDATION ONE HEME	Vogelstein	SANGER CGC(05/30/2017)	Gene Aliases
ABL1	7	Yes	Yes	No	Yes	Yes	Yes	Yes	Yes	Yes	"ABL, JTK7, c-ABL"
AKT1	7	Yes	Yes	No	Yes	Yes	Yes	Yes	Yes	Yes	"AKT, PKB, PRKBA, RAC, RAC-alpha"
ALK	7	Yes	Yes	No	Yes	Yes	Yes	Yes	Yes	Yes	CD246
AMER1	7	Yes	No	Yes	Yes	Yes	Yes	Yes	Yes	Yes	"FAM123B, FLJ39827, RP11-403E24.2, WTX"
APC	7	Yes	No	Yes	Yes	Yes	Yes	Yes	Yes	Yes	"DP2.5, PPP1R46"
AR	7	Yes	Yes	No	Yes	Yes	Yes	Yes	Yes	Yes	"AIS, DHTR, HUMARA, NR3C4, SBMA, SMAX1"
ARID1A	7	Yes	No	Yes	Yes	Yes	Yes	Yes	Yes	Yes	"B120, BAF250, BAF250a, C10rf4, C1orf4, P270, SMARCF1"
ASXL1	7	Yes	No	Yes	Yes	Yes	Yes	Yes	Yes	Yes	KIAA0978
ATM	7	Yes	No	Yes	Yes	Yes	Yes	Yes	Yes	Yes	"ATA, ATC, ATD, ATDC, TEL1, TELO1"
ATRX	7	Yes	No	Yes	Yes	Yes	Yes	Yes	Yes	Yes	"JMS, MRX52, RAD54, XH2, XNP"
AXIN1	7	Yes	No	Yes	Yes	Yes	Yes	Yes	Yes	Yes	PPP1R49
BAP1	7	Yes	No	Yes	Yes	Yes	Yes	Yes	Yes	Yes	"KIAA0272, UCHL2, hucep-6"
BCL2	7	Yes	Yes	No	Yes	Yes	Yes	Yes	Yes	Yes	"Bcl-2, PPP1R50"
BCOR	7	Yes	No	Yes	Yes	Yes	Yes	Yes	Yes	Yes	"FLJ20285, KIAA1575"
BRAF	7	Yes	Yes	No	Yes	Yes	Yes	Yes	Yes	Yes	BRAF1
BRCA1	7	Yes	No	Yes	Yes	Yes	Yes	Yes	Yes	Yes	"FANCS, PPP1R53, RNF53"
BRCA2	7	Yes	No	Yes	Yes	Yes	Yes	Yes	Yes	Yes	"FAD1, FANCD1, XRCC11"
CARD11	7	Yes	Yes	No	Yes	Yes	Yes	Yes	Yes	Yes	"BIMP3, CARMA1"
CBL	7	Yes	No	Yes	Yes	Yes	Yes	Yes	Yes	Yes	"CBL2, RNF55, c-Cbl"
CDC73	7	Yes	No	Yes	Yes	Yes	Yes	Yes	Yes	Yes	"C1orf28, FIHP, HRPT1, HRPT2, parafibromin"
CDH1	7	Yes	No	Yes	Yes	Yes	Yes	Yes	Yes	Yes	"CD324, UVO, uvomorulin"
CDKN2A	7	Yes	No	Yes	Yes	Yes	Yes	Yes	Yes	Yes	"ARF, CDKN2, CMM2, INK4, INK4a, MLM, p14, p14ARF, p16, p16INK4a, p19Arf"
CEBPA	7	Yes	No	Yes	Yes	Yes	Yes	Yes	Yes	Yes	"C/EBP-alpha, CEBP"
CIC	7	Yes	No	Yes	Yes	Yes	Yes	Yes	Yes	Yes	KIAA0306
CREBBP	7	Yes	No	Yes	Yes	Yes	Yes	Yes	Yes	Yes	"KAT3A, RSTS, RTS"
CTNNB1	7	Yes	Yes	No	Yes	Yes	Yes	Yes	Yes	Yes	"CTNNB, armadillo, beta-catenin"
DAXX	7	Yes	No	Yes	Yes	Yes	Yes	Yes	Yes	Yes	DAP6
DNMT3A	7	Yes	No	Yes	Yes	Yes	Yes	Yes	Yes	Yes	
EGFR	7	Yes	Yes	No	Yes	Yes	Yes	Yes	Yes	Yes	"ERBB, ERBB1, ERRP"
EP300	7	Yes	No	Yes	Yes	Yes	Yes	Yes	Yes	Yes	"KAT3B, p300"
ERBB2	7	Yes	Yes	No	Yes	Yes	Yes	Yes	Yes	Yes	"CD340, HER-2, HER2, NGL"
EZH2	7	Yes	Yes	Yes	Yes	Yes	Yes	Yes	Yes	Yes	"ENX-1, KMT6, KMT6A"
FBXW7	7	Yes	No	Yes	Yes	Yes	Yes	Yes	Yes	Yes	"AGO, CDC4, FBW7, FBX30, FBXW6, FLJ11071, SEL-10, SEL10"
FGFR2	7	Yes	Yes	No	Yes	Yes	Yes	Yes	Yes	Yes	"BEK, CD332, CEK3, CFD1, ECT1, JWS, K-SAM, KGFR, TK14, TK25"
FGFR3	7	Yes	Yes	No	Yes	Yes	Yes	Yes	Yes	Yes	"ACH, CD333, CEK2, JTK4"
FLT3	7	Yes	Yes	No	Yes	Yes	Yes	Yes	Yes	Yes	"CD135, FLK2, STK1"
FOXL2	7	Yes	Yes	Yes	Yes	Yes	Yes	Yes	Yes	Yes	"BPES, BPES1"
GATA3	7	Yes	Yes	Yes	Yes	Yes	Yes	Yes	Yes	Yes	HDR
GNA11	7	Yes	Yes	No	Yes	Yes	Yes	Yes	Yes	Yes	"FBH, FBH2, FHH2, HHC2"
GNAQ	7	Yes	Yes	No	Yes	Yes	Yes	Yes	Yes	Yes	"G-ALPHA-q, GAQ"
GNAS	7	Yes	Yes	No	Yes	Yes	Yes	Yes	Yes	Yes	"GNAS1, GNASXL, GPSA, NESP, NESP55, SCG6, SgVI"
HNF1A	7	Yes	No	Yes	Yes	Yes	Yes	Yes	Yes	Yes	"HNF1, LFB1, MODY3, TCF1"
HRAS	7	Yes	Yes	No	Yes	Yes	Yes	Yes	Yes	Yes	HRAS1
IDH1	7	Yes	Yes	No	Yes	Yes	Yes	Yes	Yes	Yes	
IDH2	7	Yes	Yes	No	Yes	Yes	Yes	Yes	Yes	Yes	
JAK1	7	Yes	Yes	Yes	Yes	Yes	Yes	Yes	Yes	Yes	"JAK1A, JAK1B, JTK3"
JAK2	7	Yes	Yes	No	Yes	Yes	Yes	Yes	Yes	Yes	JTK10
JAK3	7	Yes	Yes	No	Yes	Yes	Yes	Yes	Yes	Yes	"JAK-3, JAK3_HUMAN, JAKL, L-JAK, LJAK"
KDM5C	7	Yes	No	Yes	Yes	Yes	Yes	Yes	Yes	Yes	"DXS1272E, JARID1C, MRX13, SMCX, XE169"
KDM6A	7	Yes	No	Yes	Yes	Yes	Yes	Yes	Yes	Yes	UTX
KIT	7	Yes	Yes	No	Yes	Yes	Yes	Yes	Yes	Yes	"C-Kit, CD117, PBT, SCFR"
KMT2D	7	Yes	No	Yes	Yes	Yes	Yes	Yes	Yes	Yes	"ALR, CAGL114, MLL2, TNRC21"
KRAS	7	Yes	Yes	No	Yes	Yes	Yes	Yes	Yes	Yes	"K-Ras4B, KRAS1, KRAS2"
MAP2K1	7	Yes	Yes	No	Yes	Yes	Yes	Yes	Yes	Yes	"MAPKK1, MEK1, PRKMK1"
MAP3K1	7	Yes	No	Yes	Yes	Yes	Yes	Yes	Yes	Yes	"MAPKKK1, MEKK, MEKK1"
MED12	7	Yes	Yes	Yes	Yes	Yes	Yes	Yes	Yes	Yes	"ARC240, CAGH45, FGS1, HOPA, KIAA0192, Kto, OKS, TNRC11, TRAP230"
MEN1	7	Yes	No	Yes	Yes	Yes	Yes	Yes	Yes	Yes	
MET	7	Yes	Yes	No	Yes	Yes	Yes	Yes	Yes	Yes	"DFNB97, HGFR, RCCP2"
MLH1	7	Yes	No	Yes	Yes	Yes	Yes	Yes	Yes	Yes	"COCA2, FCC2, HNPCC, HNPCC2"
MPL	7	Yes	Yes	No	Yes	Yes	Yes	Yes	Yes	Yes	"CD110, THPOR, TPOR"
MSH2	7	Yes	No	Yes	Yes	Yes	Yes	Yes	Yes	Yes	"COCA1, HNPCC1"
MSH6	7	Yes	No	Yes	Yes	Yes	Yes	Yes	Yes	Yes	GTBP
MYD88	7	Yes	Yes	No	Yes	Yes	Yes	Yes	Yes	Yes	
NF1	7	Yes	No	Yes	Yes	Yes	Yes	Yes	Yes	Yes	
NF2	7	Yes	No	Yes	Yes	Yes	Yes	Yes	Yes	Yes	"ACN, BANF, SCH, merlin, merlin-1"
NFE2L2	7	Yes	Yes	No	Yes	Yes	Yes	Yes	Yes	Yes	
NOTCH1	7	Yes	Yes	Yes	Yes	Yes	Yes	Yes	Yes	Yes	TAN1
NOTCH2	7	Yes	Yes	Yes	Yes	Yes	Yes	Yes	Yes	Yes	
NPM1	7	Yes	No	Yes	Yes	Yes	Yes	Yes	Yes	Yes	"B23, NPM"
NRAS	7	Yes	Yes	No	Yes	Yes	Yes	Yes	Yes	Yes	N-ras
PAX5	7	Yes	No	Yes	Yes	Yes	Yes	Yes	Yes	Yes	BSAP
PBRM1	7	Yes	No	Yes	Yes	Yes	Yes	Yes	Yes	Yes	"BAF180, PB1"
PDGFRA	7	Yes	Yes	No	Yes	Yes	Yes	Yes	Yes	Yes	"CD140a, GAS9, PDGFR2"
PIK3CA	7	Yes	Yes	No	Yes	Yes	Yes	Yes	Yes	Yes	PI3K
PIK3R1	7	Yes	No	Yes	Yes	Yes	Yes	Yes	Yes	Yes	"GRB1, p85-ALPHA"
PPP2R1A	7	Yes	No	Yes	Yes	Yes	Yes	Yes	Yes	Yes	"PP2A-Aalpha, PP2AA, PR65A"
PRDM1	7	Yes	No	Yes	Yes	Yes	Yes	Yes	Yes	Yes	"BLIMP1, PRDI-BF1"
PTCH1	7	Yes	No	Yes	Yes	Yes	Yes	Yes	Yes	Yes	"BCNS, NBCCS, PTCH"
PTEN	7	Yes	No	Yes	Yes	Yes	Yes	Yes	Yes	Yes	"BZS, MHAM, MMAC1, PTEN1"
PTPN11	7	Yes	Yes	No	Yes	Yes	Yes	Yes	Yes	Yes	"BPTP3, NS1, PTP2C, SH-PTP2, SHP-2, SHP2"
RB1	7	Yes	No	Yes	Yes	Yes	Yes	Yes	Yes	Yes	"OSRC, PPP1R130, RB"
RET	7	Yes	Yes	No	Yes	Yes	Yes	Yes	Yes	Yes	"CDHF12, CDHR16, HSCR1, MEN2A, MEN2B, MTC1, RET51"
RNF43	7	Yes	No	Yes	Yes	Yes	Yes	Yes	Yes	Yes	"DKFZp781H0392, FLJ20315, URCC"
SETD2	7	Yes	No	Yes	Yes	Yes	Yes	Yes	Yes	Yes	"FLJ23184, HIF-1, HYPB, KIAA1732, KMT3A"
SF3B1	7	Yes	Yes	No	Yes	Yes	Yes	Yes	Yes	Yes	"Hsh155, PRPF10, Prp10, SAP155, SF3b155"
SMAD2	7	Yes	No	Yes	Yes	Yes	Yes	Yes	Yes	Yes	"JV18-1, MADH2, MADR2"
SMAD4	7	Yes	No	Yes	Yes	Yes	Yes	Yes	Yes	Yes	"DPC4, MADH4"
SMARCA4	7	Yes	No	Yes	Yes	Yes	Yes	Yes	Yes	Yes	"BRG1, FLJ39786, SNF2-BETA, SNF2L4, hSNF2b"
SMARCB1	7	Yes	No	Yes	Yes	Yes	Yes	Yes	Yes	Yes	"BAF47, Ini1, PPP1R144, RDT, SNF5, SNF5L1, Sfh1p, Snr1, hSNFS"
SMO	7	Yes	Yes	No	Yes	Yes	Yes	Yes	Yes	Yes	"FZD11, SMOH"
SOCS1	7	Yes	No	Yes	Yes	Yes	Yes	Yes	Yes	Yes	"Cish1, JAB, SOCS-1, SSI-1, TIP3"
SPOP	7	Yes	No	Yes	Yes	Yes	Yes	Yes	Yes	Yes	"BTBD32, TEF2"
STAG2	7	Yes	No	Yes	Yes	Yes	Yes	Yes	Yes	Yes	"SA-2, SA2, SCC3B"
STK11	7	Yes	No	Yes	Yes	Yes	Yes	Yes	Yes	Yes	"LKB1, PJS"
TET2	7	Yes	No	Yes	Yes	Yes	Yes	Yes	Yes	Yes	"FLJ20032, KIAA1546"
TNFAIP3	7	Yes	No	Yes	Yes	Yes	Yes	Yes	Yes	Yes	"A20, OTUD7C"
TP53	7	Yes	No	Yes	Yes	Yes	Yes	Yes	Yes	Yes	"LFS1, p53"
TSC1	7	Yes	No	Yes	Yes	Yes	Yes	Yes	Yes	Yes	"KIAA0243, TSC, hamartin"
U2AF1	7	Yes	Yes	No	Yes	Yes	Yes	Yes	Yes	Yes	"RNU2AF1, U2AF35, U2AFBP"
VHL	7	Yes	No	Yes	Yes	Yes	Yes	Yes	Yes	Yes	VHL1
WT1	7	Yes	Yes	Yes	Yes	Yes	Yes	Yes	Yes	Yes	"AWT1, GUD, NPHS4, WAGR, WIT-2"
AKT2	6	Yes	Yes	No	Yes	Yes	Yes	Yes	No	Yes	PKB?
ARID2	6	Yes	No	Yes	Yes	Yes	No	Yes	Yes	Yes	"BAF200, DKFZp686G052, FLJ30619, KIAA1557"
ATR	6	Yes	No	Yes	Yes	Yes	Yes	Yes	No	Yes	"FRP1, MEC1, SCKL, SCKL1"
B2M	6	Yes	No	Yes	Yes	Yes	No	Yes	Yes	Yes	
BARD1	6	Yes	No	Yes	Yes	Yes	Yes	Yes	No	Yes	
BCL6	6	Yes	Yes	No	Yes	Yes	Yes	Yes	No	Yes	"BCL5, BCL6A, LAZ3, ZBTB27, ZNF51"
BRD4	6	Yes	Yes	No	Yes	Yes	Yes	Yes	No	Yes	"HUNK1, HUNKI, MCAP"
BRIP1	6	Yes	No	Yes	Yes	Yes	Yes	Yes	No	Yes	FANCJ
BTK	6	Yes	Yes	No	Yes	Yes	Yes	Yes	No	Yes	"AGMX1, ATK, IMD1, PSCTK1, XLA"
CALR	6	Yes	Yes	No	Yes	Yes	Yes	Yes	No	Yes	"CRT, FLJ26680, RO, SSA, cC1qR"
CASP8	6	Yes	No	Yes	Yes	Yes	Yes	No	Yes	Yes	"Casp-8, FLICE, MACH, MCH5"
CBFB	6	Yes	No	Yes	Yes	Yes	Yes	Yes	No	Yes	PEBP2B
CCND1	6	Yes	Yes	No	Yes	Yes	Yes	Yes	No	Yes	"BCL1, D11S287E, PRAD1, U21B31"
CCND2	6	Yes	Yes	No	Yes	Yes	Yes	Yes	No	Yes	
CCND3	6	Yes	Yes	No	Yes	Yes	Yes	Yes	No	Yes	
CCNE1	6	Yes	Yes	No	Yes	Yes	Yes	Yes	No	Yes	CCNE
CD274	6	Yes	Yes	No	Yes	Yes	Yes	Yes	No	Yes	"B7-H, B7-H1, B7H1, PD-L1, PDCD1LG1, PDL1"
CD79A	6	Yes	Yes	No	Yes	Yes	Yes	Yes	No	Yes	"IGA, MB-1"
CD79B	6	Yes	Yes	No	Yes	Yes	Yes	Yes	No	Yes	"B29, IGB"
CDK12	6	Yes	No	Yes	Yes	Yes	Yes	Yes	No	Yes	"CRK7, CRKR, CRKRS, KIAA0904"
CDK4	6	Yes	Yes	No	Yes	Yes	Yes	Yes	No	Yes	PSK-J3
CDK6	6	Yes	Yes	No	Yes	Yes	Yes	Yes	No	Yes	PLSTIRE
CDKN1B	6	Yes	No	Yes	Yes	Yes	Yes	Yes	No	Yes	"KIP1, P27KIP1"
CDKN2C	6	Yes	No	Yes	Yes	Yes	Yes	Yes	No	Yes	INK4C
CHEK2	6	Yes	No	Yes	Yes	Yes	Yes	Yes	No	Yes	"CHK2, HuCds1, PP1425, RAD53, bA444G7"
CRLF2	6	Yes	Yes	No	Yes	Yes	No	Yes	Yes	Yes	"CRL2, TSLPR"
CSF1R	6	Yes	No	No	Yes	Yes	Yes	Yes	Yes	No	"C-FMS, CD115, CSFR, FMS"
CSF3R	6	Yes	Yes	No	Yes	Yes	Yes	Yes	No	Yes	"CD114, GCSFR"
CTCF	6	Yes	No	Yes	Yes	Yes	Yes	Yes	No	Yes	"CFAP108, FAP108"
CXCR4	6	Yes	Yes	No	Yes	Yes	Yes	Yes	No	Yes	"CD184, D2S201E, HM89, HSY3RR, LESTR, NPY3R, NPYY3R, fusin"
DDR2	6	Yes	Yes	No	Yes	Yes	Yes	Yes	No	Yes	"NTRKR3, TYRO10"
ERBB3	6	Yes	Yes	No	Yes	Yes	Yes	Yes	No	Yes	"HER3, LCCS2"
ERBB4	6	Yes	Yes	No	Yes	Yes	Yes	Yes	No	Yes	"ALS19, HER4"
ERG	6	Yes	Yes	No	Yes	Yes	Yes	Yes	No	Yes	erg-3
ESR1	6	Yes	Yes	No	Yes	Yes	Yes	Yes	No	Yes	"ER-alpha, ESR, Era, NR3A1"
ETV6	6	Yes	No	Yes	Yes	Yes	Yes	Yes	No	Yes	TEL
FANCA	6	Yes	No	Yes	Yes	Yes	Yes	Yes	No	Yes	"FA-H, FAA, FACA, FANCH"
FANCC	6	Yes	No	Yes	Yes	Yes	Yes	Yes	No	Yes	"FA3, FAC, FACC"
FGFR1	6	Yes	Yes	No	Yes	Yes	Yes	Yes	No	Yes	"BFGFR, CD331, CEK, FLT2, H5, KAL2, N-SAM"
FGFR4	6	Yes	Yes	No	Yes	Yes	Yes	Yes	No	Yes	"CD334, JTK2"
FLCN	6	Yes	No	Yes	Yes	Yes	Yes	Yes	No	Yes	"BHD, DENND8B, MGC17998, MGC23445"
FUBP1	6	Yes	No	Yes	Yes	Yes	Yes	No	Yes	Yes	FUBP
GATA1	6	Yes	No	No	Yes	Yes	No	Yes	Yes	Yes	"ERYF1, GATA-1, GF1, NF-E1, NFE1"
GATA2	6	Yes	Yes	No	Yes	Yes	No	Yes	Yes	Yes	NFE1B
H3-3A	6	Yes	Yes	No	Yes	Yes	Yes	No	Yes	Yes	"H3.3A, H3F3, H3F3A"
H3C2	6	Yes	No	No	Yes	Yes	No	Yes	Yes	Yes	"H3/l, H3FL, HIST1H3B"
IKZF1	6	Yes	No	No	Yes	Yes	Yes	Yes	No	Yes	"Hs.54452, IKAROS, LyF-1, PPP1R92, ZNFN1A1, hIk-1"
IRF4	6	Yes	Yes	No	Yes	Yes	Yes	Yes	No	Yes	"LSIRF, MUM1"
JUN	6	Yes	Yes	No	Yes	Yes	Yes	Yes	No	Yes	"AP-1, c-Jun"
KDM5A	6	Yes	Yes	No	Yes	Yes	Yes	Yes	No	Yes	"JARID1A, RBBP2"
KDR	6	Yes	Yes	No	Yes	Yes	Yes	Yes	No	Yes	"CD309, FLK1, VEGFR, VEGFR2"
KEAP1	6	Yes	No	Yes	Yes	Yes	Yes	Yes	No	Yes	"INrf2, KIAA0132, KLHL19, MGC10630, MGC1114, MGC20887, MGC4407, MGC9454"
KMT2A	6	Yes	No	Yes	Yes	Yes	Yes	Yes	No	Yes	"ALL-1, CXXC7, HRX, HTRX1, MLL, MLL1A, TRX1"
KMT2C	6	Yes	No	Yes	Yes	Yes	No	Yes	Yes	Yes	"HALR, KIAA1506, MLL3"
MAP2K2	6	Yes	Yes	No	Yes	Yes	Yes	Yes	No	Yes	"MEK2, PRKMK2"
MAP2K4	6	Yes	No	Yes	Yes	Yes	Yes	Yes	No	Yes	"JNKK1, MEK4, MKK4, PRKMK4, SERK1"
MAPK1	6	Yes	Yes	No	Yes	Yes	Yes	Yes	No	Yes	"ERK2, MAPK2, PRKM1, PRKM2, p41mapk"
MDM2	6	Yes	Yes	No	Yes	Yes	Yes	Yes	No	Yes	"HDM2, MGC5370"
MDM4	6	Yes	Yes	No	Yes	Yes	Yes	Yes	No	Yes	"HDMX, MDMX"
MITF	6	Yes	Yes	Yes	Yes	Yes	Yes	Yes	No	Yes	"MI, WS2, WS2A, bHLHe32"
MTOR	6	Yes	Yes	No	Yes	Yes	Yes	Yes	No	Yes	"FLJ44809, FRAP, FRAP1, FRAP2, RAFT1, RAPT1"
MUTYH	6	Yes	No	Yes	Yes	Yes	Yes	Yes	No	Yes	MYH
MYC	6	Yes	Yes	No	Yes	Yes	Yes	Yes	No	Yes	"MYCC, bHLHe39, c-Myc"
MYCL	6	Yes	Yes	No	Yes	Yes	Yes	Yes	No	Yes	"LMYC, MYCL1, bHLHe38"
MYCN	6	Yes	Yes	No	Yes	Yes	Yes	Yes	No	Yes	"MYCNOT, N-myc, NMYC, bHLHe37"
NKX2-1	6	Yes	Yes	No	Yes	Yes	Yes	Yes	No	Yes	"BCH, NKX2A, TITF1, TTF-1"
NSD2	6	Yes	Yes	No	Yes	Yes	Yes	Yes	No	Yes	"KMT3G, MMSET, WHSC1"
NSD3	6	Yes	No	No	Yes	Yes	Yes	Yes	No	Yes	"FLJ20353, KMT3F, WHISTLE, WHSC1L1"
NTRK1	6	Yes	Yes	No	Yes	Yes	Yes	Yes	No	Yes	"MTC, TRKA"
NTRK3	6	Yes	Yes	No	Yes	Yes	Yes	Yes	No	Yes	TRKC
PALB2	6	Yes	No	Yes	Yes	Yes	Yes	Yes	No	Yes	"FANCN, FLJ21816"
PDCD1LG2	6	Yes	Yes	No	Yes	Yes	Yes	Yes	No	Yes	"B7-DC, Btdc, CD273, PD-L2, PDL2, bA574F11.2"
PDGFRB	6	Yes	Yes	No	Yes	Yes	Yes	Yes	No	Yes	"CD140b, JTK12, PDGFR, PDGFR1"
PHF6	6	Yes	No	Yes	Yes	Yes	No	Yes	Yes	Yes	"BFLS, BORJ, CENP-31, KIAA1823, MGC14797"
PIM1	6	Yes	No	No	Yes	Yes	Yes	Yes	No	Yes	PIM
PRKAR1A	6	Yes	No	No	Yes	Yes	Yes	Yes	No	Yes	"CNC1, PRKAR1, TSE1"
RAD21	6	Yes	No	Yes	Yes	Yes	Yes	Yes	No	Yes	"KIAA0078, SCC1, hHR21"
RAF1	6	Yes	Yes	No	Yes	Yes	Yes	Yes	No	Yes	"CRAF, Raf-1, c-Raf"
RARA	6	Yes	No	No	Yes	Yes	Yes	Yes	No	Yes	NR1B1
ROS1	6	Yes	Yes	No	Yes	Yes	Yes	Yes	No	Yes	"MCF3, ROS, c-ros-1"
RUNX1	6	Yes	No	Yes	Yes	Yes	No	Yes	Yes	Yes	"AML1, AMLCR1, CBFA2, PEBP2A2"
SDHA	6	Yes	No	Yes	Yes	Yes	Yes	Yes	No	Yes	"FP, SDH2, SDHF"
SDHB	6	Yes	No	Yes	Yes	Yes	Yes	Yes	No	Yes	"SDH, SDH1"
SDHC	6	Yes	No	Yes	Yes	Yes	Yes	Yes	No	Yes	"CYB560, PGL3, cybL"
SDHD	6	Yes	No	Yes	Yes	Yes	Yes	Yes	No	Yes	"PGL, PGL1, cybS"
SOX2	6	Yes	Yes	No	Yes	Yes	Yes	Yes	No	Yes	
SPEN	6	Yes	No	Yes	Yes	Yes	Yes	Yes	No	Yes	"KIAA0929, MINT, RBM15C, SHARP"
SRC	6	Yes	Yes	No	Yes	Yes	Yes	Yes	No	Yes	"ASV, SRC1, c-src"
SRSF2	6	Yes	No	No	Yes	Yes	No	Yes	Yes	Yes	"PR264, SC-35, SC35, SFRS2, SFRS2A"
STAT3	6	Yes	Yes	No	Yes	Yes	Yes	Yes	No	Yes	APRF
SUFU	6	Yes	No	Yes	Yes	Yes	Yes	Yes	No	Yes	"PRO1280, SUFUH, SUFUXL"
SYK	6	Yes	Yes	No	Yes	Yes	Yes	Yes	No	Yes	
TENT5C	6	Yes	No	Yes	Yes	Yes	Yes	Yes	No	Yes	"FAM46C, FLJ20202"
TGFBR2	6	Yes	No	Yes	Yes	Yes	Yes	Yes	No	Yes	"MFS2, TBR-ii, TBRII"
TMPRSS2	6	Yes	No	No	Yes	Yes	Yes	Yes	No	Yes	PRSS10
TNFRSF14	6	Yes	No	Yes	Yes	Yes	Yes	Yes	No	Yes	"ATAR, CD270, HVEA, HVEM, LIGHTR"
TSC2	6	Yes	No	Yes	Yes	Yes	Yes	Yes	No	Yes	"LAM, PPP1R160, TSC4, tuberin"
TSHR	6	Yes	Yes	No	Yes	Yes	No	Yes	Yes	Yes	LGR3
XPO1	6	Yes	Yes	No	Yes	Yes	Yes	Yes	No	Yes	"CRM-1, CRM1, emb"
AKT3	5	Yes	Yes	No	Yes	Yes	Yes	Yes	No	No	"PKBG, PRKBG, RAC-gamma"
ARAF	5	Yes	Yes	No	Yes	Yes	Yes	Yes	No	No	ARAF1
ARID1B	5	Yes	No	Yes	Yes	Yes	No	No	Yes	Yes	"6A3-5, BAF250b, DAN15, ELD/OSA1, KIAA1235, p250R"
AURKA	5	Yes	Yes	No	Yes	Yes	Yes	Yes	No	No	"AIK, ARK1, AurA, BTAK, PPP1R47, STK15, STK6"
AURKB	5	Yes	Yes	No	Yes	Yes	Yes	Yes	No	No	"ARK2, Aik2, AurB, IPL1, PPP1R48, STK12, STK5"
AXL	5	Yes	Yes	No	Yes	Yes	Yes	Yes	No	No	"JTK11, Tyro7, UFO"
BCL10	5	Yes	No	Yes	Yes	Yes	No	Yes	No	Yes	"CIPER, CLAP, c-E10, mE10"
BCORL1	5	Yes	No	Yes	No	Yes	Yes	Yes	No	Yes	"CXorf10, FLJ11362"
BCR	5	Yes	Yes	No	No	Yes	Yes	Yes	No	Yes	"ALL, BCR1, CML, D22S11, D22S662, PHL"
BIRC3	5	Yes	No	No	Yes	Yes	No	Yes	No	Yes	"API2, MALT2, MIHC, RNF49, c-IAP2, cIAP2, hiap-1"
BLM	5	Yes	No	Yes	Yes	Yes	No	Yes	No	Yes	"BS, RECQ2, RECQL3"
BTG1	5	Yes	No	Yes	No	Yes	Yes	Yes	No	Yes	APRO2
CDK8	5	Yes	Yes	No	Yes	Yes	Yes	Yes	No	No	K35
CDKN2B	5	Yes	No	Yes	Yes	Yes	Yes	Yes	No	No	"CDK4I, INK4B, MTS2, P15, TP15, p15INK4b"
CHEK1	5	Yes	No	Yes	Yes	Yes	Yes	Yes	No	No	CHK1
CRKL	5	Yes	Yes	No	Yes	Yes	Yes	Yes	No	No	
CYLD	5	Yes	No	Yes	Yes	Yes	No	No	Yes	Yes	"CYLD1, KIAA0849, USPL2"
DOT1L	5	Yes	Yes	No	Yes	Yes	Yes	Yes	No	No	"DOT1, KIAA1814, KMT4"
EED	5	Yes	No	Yes	Yes	Yes	Yes	Yes	No	No	"HEED, WAIT-1"
EIF4A2	5	Yes	Yes	No	Yes	Yes	No	Yes	No	Yes	"BM-010, DDX2B"
EPHA3	5	Yes	No	Yes	Yes	Yes	Yes	Yes	No	No	"ETK, ETK1, HEK, HEK4, TYRO4"
EPHB1	5	Yes	No	Yes	Yes	Yes	Yes	Yes	No	No	"EPHT2, Hek6"
ERCC4	5	Yes	No	Yes	Yes	Yes	Yes	No	No	Yes	"FANCQ, XPF"
ETV1	5	Yes	Yes	No	Yes	Yes	No	Yes	No	Yes	ER81
FAS	5	Yes	No	Yes	No	Yes	Yes	Yes	No	Yes	"APO-1, APT1, CD95, FAS1, TNFRSF6"
FGF19	5	Yes	Yes	No	Yes	Yes	Yes	Yes	No	No	
FGF3	5	Yes	Yes	No	Yes	Yes	Yes	Yes	No	No	"HBGF-3, INT2"
FGF4	5	Yes	Yes	No	Yes	Yes	Yes	Yes	No	No	"HBGF-4, HST, HST-1, HSTF1, K-FGF, KFGF"
FH	5	Yes	No	Yes	Yes	Yes	Yes	No	No	Yes	
FLT1	5	Yes	Yes	No	Yes	Yes	Yes	Yes	No	No	"FLT, VEGFR1"
FLT4	5	Yes	Yes	No	Yes	Yes	No	Yes	No	Yes	"VEGFR-3, VEGFR3"
FOXO1	5	Yes	No	Yes	Yes	Yes	No	Yes	No	Yes	"FKH1, FKHR, FOXO1A"
FOXP1	5	Yes	Yes	Yes	Yes	Yes	No	Yes	No	Yes	"12CC4, HSPC215, QRF1, hFKH1B"
GRIN2A	5	Yes	No	Yes	Yes	Yes	No	Yes	No	Yes	"GluN2A, NMDAR2A"
GSK3B	5	Yes	Yes	No	Yes	Yes	Yes	Yes	No	No	
HGF	5	Yes	Yes	No	Yes	Yes	Yes	Yes	No	No	"DFNB39, F-TCF, HGFB, HPTA"
ID3	5	Yes	No	Yes	Yes	Yes	Yes	Yes	No	No	"HEIR-1, bHLHb25"
IGF1R	5	Yes	Yes	No	Yes	Yes	Yes	Yes	No	No	"CD221, IGFIR, IGFR, JTK13, MGC18216"
IKBKE	5	Yes	Yes	No	Yes	Yes	Yes	Yes	No	No	"IKK-i, IKKE, KIAA0151"
IL7R	5	Yes	Yes	No	Yes	Yes	No	Yes	No	Yes	"CD127, IL7RA"
INPP4B	5	Yes	No	Yes	Yes	Yes	Yes	Yes	No	No	
IRS2	5	Yes	Yes	No	Yes	Yes	Yes	Yes	No	No	
KLF4	5	Yes	Yes	Yes	Yes	Yes	No	No	Yes	Yes	"EZF, GKLF"
LMO1	5	Yes	Yes	No	Yes	Yes	No	Yes	No	Yes	"RBTN1, RHOM1"
MALT1	5	Yes	No	No	Yes	Yes	No	Yes	No	Yes	"MLT, PCASP1"
MAP3K13	5	Yes	Yes	No	Yes	Yes	Yes	No	No	Yes	"LZK, MEKK13"
MCL1	5	Yes	Yes	No	Yes	Yes	Yes	Yes	No	No	"BCL2L3, Mcl-1"
MEF2B	5	Yes	Yes	No	Yes	Yes	Yes	Yes	No	No	RSRFR2
MRE11	5	Yes	No	Yes	Yes	Yes	Yes	Yes	No	No	"ATLD, MRE11A"
MSH3	5	Yes	No	Yes	Yes	Yes	Yes	Yes	No	No	
MSI2	5	Yes	Yes	No	Yes	Yes	No	Yes	No	Yes	
NBN	5	Yes	No	Yes	Yes	Yes	Yes	No	No	Yes	"AT-V1, AT-V2, ATV, NBS, NBS1"
NCOR1	5	Yes	No	Yes	Yes	Yes	No	No	Yes	Yes	"KIAA1047, MGC104216, N-CoR, PPP1R109, TRAC1, hCIT529I10, hN-CoR"
NFKBIA	5	Yes	No	Yes	Yes	Yes	Yes	Yes	No	No	"IKBA, IkappaBalpha, MAD-3, NFKBI"
NSD1	5	Yes	Yes	Yes	Yes	Yes	No	Yes	No	Yes	"ARA267, FLJ22263, KMT3B, STO"
NT5C2	5	Yes	Yes	No	No	Yes	Yes	Yes	No	Yes	"GMP, NT5B, PNT5, SPG45, SPG65, cN-II"
NTRK2	5	Yes	Yes	No	Yes	Yes	Yes	Yes	No	No	TRKB
P2RY8	5	Yes	No	Yes	No	Yes	Yes	Yes	No	Yes	P2Y8
PDCD1	5	Yes	Yes	No	Yes	Yes	Yes	Yes	No	No	"CD279, PD-1, SLEB2, hSLE1"
PIK3CB	5	Yes	Yes	No	Yes	Yes	Yes	No	No	Yes	PIK3C1
PMS2	5	Yes	No	Yes	Yes	Yes	Yes	No	No	Yes	"HNPCC4, H_DJ0042M02.9, MLH4, PMSL2"
POLD1	5	Yes	No	Yes	Yes	Yes	Yes	No	No	Yes	POLD
POLE	5	Yes	No	Yes	Yes	Yes	Yes	No	No	Yes	POLE1
POT1	5	Yes	No	Yes	Yes	Yes	No	Yes	No	Yes	"DKFZp586D211, hPot1"
PPARG	5	Yes	Yes	No	Yes	Yes	Yes	No	No	Yes	"NR1C3, PPARG1, PPARG2, PPARgamma"
RAC1	5	Yes	Yes	No	Yes	Yes	Yes	No	No	Yes	"Rac-1, TC-25, p21-Rac1"
RAD51	5	Yes	No	Yes	Yes	Yes	Yes	Yes	No	No	"BRCC5, FANCR, HsRad51, HsT16930, RAD51A, RECA"
RAD51B	5	Yes	No	Yes	Yes	Yes	Yes	No	No	Yes	"R51H2, RAD51L1, REC2, hREC2"
RBM10	5	Yes	No	Yes	Yes	Yes	Yes	No	No	Yes	"DXS8237E, GPATC9, GPATCH9, KIAA0122, S1-1, ZRANB5"
REL	5	Yes	Yes	No	Yes	Yes	Yes	No	No	Yes	"HIVEN86A, I-Rel, c-Rel"
RHOA	5	Yes	Yes	No	Yes	Yes	No	Yes	No	Yes	"ARH12, ARHA, RHOH12, Rho12"
RICTOR	5	Yes	Yes	No	Yes	Yes	Yes	Yes	No	No	"AVO3, KIAA1999, MGC39830, PIA"
RPTOR	5	Yes	Yes	No	Yes	Yes	Yes	Yes	No	No	"KIAA1303, KOG1, Mip1, raptor"
SETBP1	5	Yes	Yes	No	No	Yes	No	Yes	Yes	Yes	"KIAA0437, SEB"
SOX9	5	Yes	Yes	Yes	Yes	Yes	Yes	No	Yes	No	"CMD1, CMPD1"
STAT5B	5	Yes	Yes	No	Yes	Yes	No	Yes	No	Yes	
SUZ12	5	Yes	No	Yes	Yes	Yes	No	Yes	No	Yes	"CHET9, JJAZ1, KIAA0160"
TBX3	5	Yes	No	Yes	Yes	Yes	Yes	No	No	Yes	"TBX3-ISO, UMS, XHL"
TCF3	5	Yes	No	Yes	Yes	Yes	No	Yes	No	Yes	"E2A, E47, ITF1, MGC129647, MGC129648, VDIR, bHLHb21"
TERT	5	Yes	Yes	No	Yes	Yes	Yes	No	No	Yes	"EST2, TCS1, TP2, TRT, hEST2"
TET1	5	Yes	No	Yes	Yes	Yes	No	Yes	No	Yes	"CXXC6, KIAA1676, LCX, bA119F7.1"
TOP1	5	Yes	Yes	No	Yes	Yes	No	Yes	No	Yes	
TP63	5	Yes	Yes	Yes	Yes	Yes	No	Yes	No	Yes	"EEC3, KET, OFC8, SHFM4, TP53CP, TP53L, TP73L, p53CP, p63, p73H, p73L"
TRAF7	5	Yes	No	No	Yes	Yes	No	No	Yes	Yes	"DKFZp586I021, MGC7807, RFWD1, RNF119"
ZRSR2	5	Yes	No	No	Yes	Yes	No	Yes	No	Yes	"U2AF1-RS2, U2AF1L2, URP, ZC3H22"
ACVR1	4	Yes	Yes	No	Yes	Yes	No	No	No	Yes	"ACVR1A, ACVRLK2, ALK2, SKR1"
ALOX12B	4	Yes	Yes	Yes	Yes	Yes	Yes	No	No	No	12R-LOX
AXIN2	4	Yes	No	Yes	Yes	Yes	No	No	No	Yes	"DKFZp781B0869, MGC126582"
BCL11B	4	Yes	No	Yes	No	Yes	No	Yes	No	Yes	"CTIP-2, CTIP2, ZNF856B, hRIT1-alpha"
BCL2L1	4	Yes	No	No	Yes	Yes	Yes	No	No	No	"BCL2L, BCLX, Bcl-X, PPP1R52, bcl-xL, bcl-xS"
BMPR1A	4	Yes	No	Yes	Yes	Yes	No	No	No	Yes	"ACVRLK3, ALK3, CD292"
CDKN1A	4	Yes	No	Yes	Yes	Yes	Yes	No	No	No	"CAP20, CDKN1, SDI1, WAF1, p21CIP1, p21Cip1/Waf1"
CIITA	4	Yes	No	Yes	No	Yes	No	Yes	No	Yes	"MHC2TA, NLRA"
CUL3	4	Yes	No	Yes	Yes	Yes	Yes	No	No	No	
CUX1	4	Yes	No	Yes	No	Yes	No	Yes	No	Yes	"CDP, CDP/Cut, CDP/Cux, CDP1, CUT, CUTL1, CUX, Clox, Cux/CDP, GOLIM6"
DDX3X	4	Yes	No	Yes	No	Yes	No	Yes	No	Yes	"DBX, DDX14, DDX3"
DICER1	4	Yes	No	Yes	Yes	Yes	No	No	No	Yes	"Dicer, HERNA, K12H4.8-LIKE, KIAA0928, MNG1"
DIS3	4	Yes	No	Yes	Yes	Yes	Yes	No	No	No	"EXOSC11, KIAA1008, RRP44, dis3p"
DNAJB1	4	Yes	No	No	Yes	Yes	No	No	No	Yes	"HSPF1, Hsp40, RSPH16B, Sis1"
DNMT1	4	Yes	Yes	No	Yes	Yes	No	No	Yes	No	"CXXC9, DNMT, MCMT"
DROSHA	4	Yes	No	No	Yes	Yes	No	No	No	Yes	"Etohi2, HSA242976, RN3, RNASE3L, RNASEN"
EPAS1	4	Yes	No	No	Yes	Yes	No	No	No	Yes	"HIF2A, MOP2, PASD2, bHLHe73"
EPHA5	4	Yes	No	No	Yes	Yes	No	Yes	No	No	"CEK7, Hek7"
EPHA7	4	Yes	Yes	Yes	Yes	Yes	No	Yes	No	No	Hek11
ERCC2	4	Yes	No	Yes	Yes	Yes	No	No	No	Yes	"EM9, MGC102762, MGC126218, MGC126219, XPD"
ERCC3	4	Yes	No	Yes	Yes	Yes	No	No	No	Yes	"RAD25, XPB"
ERCC5	4	Yes	No	Yes	Yes	Yes	No	No	No	Yes	"ERCM2, XPGC"
ERRFI1	4	Yes	No	Yes	Yes	Yes	Yes	No	No	No	"GENE-33, MIG-6, RALT"
ETV4	4	Yes	Yes	No	No	No	Yes	Yes	No	Yes	"E1A-F, E1AF, PEA3"
ETV5	4	Yes	Yes	No	No	No	Yes	Yes	No	Yes	ERM
EWSR1	4	Yes	Yes	No	No	No	Yes	Yes	No	Yes	EWS
FANCD2	4	Yes	No	Yes	No	Yes	No	Yes	No	Yes	"FA-D2, FACD, FANCD"
FAT1	4	Yes	No	Yes	Yes	Yes	No	No	No	Yes	"CDHF7, CDHR8, FAT"
FBXO11	4	Yes	No	Yes	No	Yes	No	Yes	No	Yes	"FBX11, UBR6"
FOXA1	4	Yes	Yes	Yes	Yes	Yes	No	No	No	Yes	HNF3A
GLI1	4	Yes	Yes	No	Yes	Yes	No	Yes	No	No	GLI
GNA13	4	Yes	Yes	No	No	Yes	Yes	Yes	No	No	"G13, MGC46138"
H1-2	4	Yes	No	No	Yes	Yes	No	Yes	No	No	"H1.2, H1F2, H1c, H1s-1, HIST1H1C"
H3-3B	4	Yes	No	No	Yes	Yes	No	No	No	Yes	"H3.3B, H3F3B"
HDAC1	4	Yes	Yes	No	No	Yes	Yes	Yes	No	No	"GON-10, HD1, KDAC1, RPD3L1"
HLA-A	4	Yes	No	Yes	Yes	Yes	No	No	No	Yes	
INHBA	4	Yes	Yes	Yes	Yes	Yes	No	Yes	No	No	
LATS1	4	Yes	No	Yes	Yes	Yes	No	No	No	Yes	WARTS
LATS2	4	Yes	No	Yes	Yes	Yes	No	No	No	Yes	
LYN	4	Yes	Yes	No	Yes	Yes	Yes	No	No	No	JTK8
MAF	4	Yes	No	No	No	No	Yes	Yes	No	Yes	c-MAF
MAP3K14	4	Yes	Yes	No	Yes	Yes	No	Yes	No	No	"FTDCR1B, HS, HSNIK"
MAX	4	Yes	No	Yes	Yes	Yes	No	No	No	Yes	"bHLHd4, bHLHd5, bHLHd6, bHLHd7, bHLHd8"
MLLT1	4	Yes	No	No	Yes	No	No	Yes	No	Yes	"ENL, LTG19, YEATS1"
MST1R	4	Yes	Yes	No	Yes	Yes	Yes	No	No	No	"CD136, CDw136, PTK8, RON, SEA"
MYOD1	4	Yes	No	Yes	Yes	Yes	No	No	No	Yes	"MYF3, MYOD, bHLHc1"
NCOR2	4	Yes	No	No	No	Yes	No	Yes	No	Yes	"CTG26, SMRT, SMRTE, TNRC14, TRAC-1"
NOTCH3	4	Yes	Yes	Yes	Yes	Yes	Yes	No	No	No	"CADASIL, CASIL"
NUP93	4	Yes	No	No	Yes	Yes	No	Yes	No	No	KIAA0095
PARP1	4	Yes	No	Yes	Yes	Yes	Yes	No	No	No	"ADPRT, ARTD1, PARP, PPOL"
PHOX2B	4	Yes	No	Yes	Yes	Yes	No	No	No	Yes	"NBPhox, PMX2B"
PIK3C2G	4	Yes	No	No	Yes	Yes	Yes	No	No	No	
PIK3CG	4	Yes	Yes	No	Yes	Yes	No	Yes	No	No	
PIK3R2	4	Yes	No	Yes	Yes	Yes	No	Yes	No	No	P85B
PLCG2	4	Yes	Yes	No	Yes	Yes	No	Yes	No	No	
PPM1D	4	Yes	Yes	No	Yes	Yes	No	No	No	Yes	"PP2C-DELTA, Wip1"
PPP6C	4	Yes	No	Yes	Yes	Yes	No	No	No	Yes	PP6
PREX2	4	Yes	No	No	Yes	Yes	No	No	No	Yes	"DEP.2, DEPDC2, FLJ12987, P-REX2, PPP1R129"
PRKCI	4	Yes	Yes	No	Yes	Yes	Yes	No	No	No	"DXS1179E, PKCI"
PRKN	4	Yes	No	Yes	Yes	Yes	Yes	No	No	No	"AR-JP, PARK2, PDJ, parkin"
PTPRT	4	Yes	No	Yes	Yes	Yes	No	No	No	Yes	"KIAA0283, RPTPrho"
RAD50	4	Yes	No	Yes	Yes	Yes	No	Yes	No	No	"RAD50-2, hRad50"
RAD51C	4	Yes	No	Yes	Yes	Yes	Yes	No	No	No	"FANCO, RAD51L2"
RAD51D	4	Yes	No	Yes	Yes	Yes	Yes	No	No	No	"HsTRAD, R51H3, RAD51L3, Trad"
RAD52	4	Yes	No	No	Yes	Yes	Yes	No	No	No	
RAD54L	4	Yes	No	No	Yes	Yes	Yes	No	No	No	"RAD54A, hHR54, hRAD54"
RECQL4	4	Yes	No	Yes	Yes	Yes	No	No	No	Yes	RecQ4
RUNX1T1	4	Yes	Yes	No	No	Yes	No	Yes	No	Yes	"AML1T1, CBFA2T1, ETO, MTG8, ZMYND2"
SDHAF2	4	Yes	No	Yes	Yes	Yes	No	No	No	Yes	"C11orf79, FLJ20487, PGL2, SDH5"
SGK1	4	Yes	Yes	No	No	Yes	Yes	Yes	No	No	SGK
SH2B3	4	Yes	No	Yes	Yes	Yes	No	No	No	Yes	"IDDM20, LNK"
SMAD3	4	Yes	No	Yes	Yes	Yes	No	No	No	Yes	"HsT17436, JV15-2, MADH3"
SMARCD1	4	Yes	No	No	Yes	Yes	No	No	No	Yes	"BAF60A, CRACD1, Rsc6p"
STAT5A	4	Yes	Yes	No	Yes	Yes	No	Yes	No	No	STAT5
STAT6	4	Yes	Yes	No	No	Yes	No	Yes	No	Yes	"D12S1644, IL-4-STAT"
TBL1XR1	4	Yes	No	Yes	No	Yes	No	Yes	No	Yes	"C21, DC42, FLJ12894, IRA1, TBLR1"
TCF7L2	4	Yes	No	Yes	Yes	Yes	No	No	No	Yes	TCF-4
TEK	4	Yes	No	No	Yes	Yes	Yes	No	No	No	"CD202b, TIE-2, TIE2, VMCM, VMCM1"
TMEM127	4	Yes	No	Yes	Yes	Yes	No	No	No	Yes	"FLJ20507, FLJ22257"
TRAF2	4	Yes	No	No	Yes	Yes	No	Yes	No	No	"RNF117, TRAP3"
VEGFA	4	Yes	Yes	No	Yes	Yes	Yes	No	No	No	"VEGF, VEGF-A, VPF"
WWTR1	4	Yes	Yes	No	Yes	Yes	No	No	No	Yes	DKFZp586I1419
XRCC2	4	Yes	No	Yes	Yes	Yes	Yes	No	No	No	FANCU
ZFHX3	4	Yes	No	Yes	Yes	Yes	No	No	No	Yes	"ATBF1, C16orf47, FLJ26184, ZNF927"
ABL2	3	Yes	Yes	No	No	No	No	Yes	No	Yes	ABLL
ABRAXAS1	3	Yes	No	Yes	Yes	Yes	No	No	No	No	"ABRA1, ABRAXAS, CCDC98, FAM175A, FLJ13614"
AFF4	3	Yes	Yes	No	No	No	No	Yes	No	Yes	"AF5Q31, MCEF"
AGO2	3	Yes	No	No	Yes	Yes	No	No	No	No	"CASC7, EIF2C2, LINC00980, Q10, hAGO2"
ANKRD11	3	Yes	No	Yes	Yes	Yes	No	No	No	No	"LZ16, T13"
ARID5B	3	Yes	No	Yes	Yes	Yes	No	No	No	No	"FLJ21150, MRF2"
ASXL2	3	Yes	No	Yes	Yes	Yes	No	No	No	No	"ASXH2, FLJ10898, KIAA1685"
ATF1	3	Yes	Yes	No	No	No	No	Yes	No	Yes	TREB36
BABAM1	3	Yes	No	No	Yes	Yes	No	No	No	No	"C19orf62, FLJ20571, HSPC142, MERIT40, NBA1"
BBC3	3	Yes	No	Yes	Yes	Yes	No	No	No	No	"JFY1, PUMA"
BCL2L11	3	Yes	No	Yes	Yes	Yes	No	No	No	No	"BIM, BOD, BimEL, BimL, BimS"
BCL3	3	Yes	Yes	No	No	No	No	Yes	No	Yes	"BCL4, D19S37"
BCL9	3	Yes	Yes	No	No	No	No	Yes	No	Yes	
BTG2	3	Yes	No	Yes	No	No	Yes	Yes	No	No	"APRO1, MGC126063, MGC126064, TIS21"
CARM1	3	Yes	No	No	Yes	Yes	No	No	No	No	PRMT4
CCNQ	3	Yes	No	Yes	Yes	Yes	No	No	No	No	"CycM, FAM58A"
CD276	3	Yes	Yes	No	Yes	Yes	No	No	No	No	"B7-H3, B7H3, B7RP-2"
CD58	3	Yes	No	Yes	No	Yes	No	Yes	No	No	LFA3
CDC42	3	Yes	Yes	No	Yes	Yes	No	No	No	No	"CDC42Hs, G25K"
CENPA	3	Yes	No	No	Yes	Yes	No	No	No	No	"CENP-A, CenH3"
COP1	3	Yes	Yes	No	Yes	Yes	No	No	No	No	"CFAP78, FAP78, FLJ10416, RFWD2, RNF200"
CSDE1	3	Yes	No	No	Yes	Yes	No	No	No	No	D1S155E
CTLA4	3	Yes	Yes	No	Yes	Yes	No	No	No	No	"CD152, CELIAC3, CTLA-4, GSE, IDDM12"
CYSLTR2	3	Yes	Yes	No	Yes	Yes	No	No	No	No	"CYSLT2R, CysLT(2)"
DCUN1D1	3	Yes	Yes	No	Yes	Yes	No	No	No	No	"DCUN1L1, RP42, SCCRO, SCRO, Tes3"
DDIT3	3	Yes	No	No	No	No	No	Yes	No	Yes	"CHOP, CHOP10, GADD153"
DEK	3	Yes	Yes	No	No	No	No	Yes	No	Yes	D6S231E
DNMT3B	3	Yes	No	Yes	Yes	Yes	No	No	No	No	
DTX1	3	Yes	No	Yes	No	Yes	No	Yes	No	No	"RNF140, hDx-1"
DUSP22	3	Yes	No	Yes	No	Yes	No	Yes	No	No	"JKAP, JSP1, MKPX, VHX"
DUSP4	3	Yes	No	Yes	Yes	Yes	No	No	No	No	"HVH2, MKP-2, TYP"
E2F3	3	Yes	Yes	No	Yes	Yes	No	No	No	No	
EGFL7	3	Yes	Yes	No	Yes	Yes	No	No	No	No	ZNEU1
EIF1AX	3	Yes	No	No	Yes	Yes	No	No	No	No	"EIF1A, EIF4C, eIF-1A, eIF-4C"
EIF4E	3	Yes	Yes	No	Yes	Yes	No	No	No	No	"EIF4E1, EIF4EL1, EIF4F"
ELF3	3	Yes	Yes	Yes	Yes	Yes	No	No	No	No	"EPR-1, ERT, ESE-1, ESX"
ELOC	3	Yes	No	No	Yes	Yes	No	No	No	No	TCEB1
EPCAM	3	Yes	No	Yes	Yes	Yes	No	No	No	No	"17-1A, 323/A3, CD326, CO-17A, EGP-2, EGP34, EGP40, Ep-CAM, GA733-2, HEA125, KS1/4, KSA, Ly74, M4S1, MH99, MIC18, MK-1, MOC31, TACST-1, TACSTD1, TROP1"
ERF	3	Yes	No	Yes	Yes	Yes	No	No	No	No	"PE-2, PE2"
ETNK1	3	Yes	No	No	No	Yes	No	No	No	Yes	"EKI, EKI1"
EZH1	3	Yes	Yes	No	Yes	Yes	No	No	No	No	"KIAA0388, KMT6B"
FANCG	3	No	No	No	No	No	Yes	Yes	No	Yes	"FAG, XRCC9"
FANCL	3	Yes	No	Yes	No	No	Yes	Yes	No	No	"FAAP43, FLJ10335, PHF9, Pog"
FEV	3	Yes	No	No	No	No	No	Yes	No	Yes	Pet-1
FLI1	3	Yes	Yes	No	No	No	No	Yes	No	Yes	SIC-1
FUS	3	Yes	Yes	No	No	No	No	Yes	No	Yes	"ALS6, HNRNPP2, TLS, hnRNP-P2"
FYN	3	Yes	Yes	No	Yes	Yes	No	No	No	No	MGC45350
GNA12	3	Yes	Yes	No	No	Yes	No	Yes	No	No	gep
GNB1	3	Yes	Yes	No	Yes	Yes	No	No	No	No	
GPS2	3	Yes	No	Yes	Yes	Yes	No	No	No	No	
GREM1	3	Yes	Yes	No	Yes	Yes	No	No	No	No	"CKTSF1B1, CRAC1, DAND2, DRM, HMPS, gremlin"
H1-3	3	Yes	No	Yes	No	Yes	No	Yes	No	No	"H1.3, H1F3, H1d, H1s-2, HIST1H1D"
H1-4	3	Yes	Yes	No	No	Yes	No	Yes	No	No	"H1.4, H1F4, H1e, H1s-4, HIST1H1E"
H2AC11	3	Yes	No	No	No	Yes	No	Yes	No	No	"H2A.1b, H2A/p, H2AFP, HIST1H2AG"
H2AC16	3	Yes	No	No	No	Yes	No	Yes	No	No	"H2A/i, H2AFI, HIST1H2AL, dJ193B12.9"
H2AC17	3	Yes	Yes	No	No	Yes	No	Yes	No	No	"H2A.1, H2A/n, H2AFN, HIST1H2AM"
H2AC6	3	Yes	No	No	No	Yes	No	Yes	No	No	"H2AFL, HIST1H2AC"
H2BC11	3	Yes	No	No	No	Yes	No	Yes	No	No	"H2B/r, H2BFR, HIST1H2BJ"
H2BC12	3	Yes	No	No	No	Yes	No	Yes	No	No	"H2BFAiii, H2BFT, HIST1H2BK"
H2BC17	3	Yes	No	No	No	Yes	No	Yes	No	No	"H2B.2, H2B/n, H2BFN, HIST1H2BO"
H2BC4	3	Yes	No	No	No	Yes	No	Yes	No	No	"H2B/l, H2BFL, HIST1H2BC"
H2BC5	3	Yes	No	No	Yes	Yes	No	No	No	No	"H2B/b, H2BFB, HIST1H2BD"
H3-4	3	Yes	No	No	Yes	Yes	No	No	No	No	"H3.4, H3/g, H3FT, H3t, HIST3H3"
H3-5	3	Yes	No	No	Yes	Yes	No	No	No	No	"H3.5, H3F3C"
H3C1	3	Yes	No	No	Yes	Yes	No	No	No	No	"H3/A, H3FA, HIST1H3A"
H3C10	3	Yes	No	No	Yes	Yes	No	No	No	No	"H3/k, H3F1K, H3FK, HIST1H3H"
H3C11	3	Yes	No	No	Yes	Yes	No	No	No	No	"H3.f, H3/f, H3FF, HIST1H3I"
H3C12	3	Yes	No	No	Yes	Yes	No	No	No	No	"H3/j, H3FJ, HIST1H3J"
H3C13	3	Yes	No	No	Yes	Yes	No	No	No	No	HIST2H3D
H3C14	3	Yes	No	No	Yes	Yes	No	No	No	No	"H3, H3.2, H3/M, H3/m, H3F2, H3FM, HIST2H3C, MGC9629"
H3C3	3	Yes	No	No	Yes	Yes	No	No	No	No	"H3/c, H3FC, HIST1H3C"
H3C4	3	Yes	No	No	Yes	Yes	No	No	No	No	"H3/b, H3FB, HIST1H3D"
H3C6	3	Yes	No	No	Yes	Yes	No	No	No	No	"H3.1, H3/d, H3FD, HIST1H3E"
H3C7	3	Yes	No	No	Yes	Yes	No	No	No	No	"H3/i, H3FI, HIST1H3F"
H3C8	3	Yes	No	No	Yes	Yes	No	No	No	No	"H3/h, H3FH, HIST1H3G"
HDAC4	3	Yes	Yes	Yes	No	Yes	No	Yes	No	No	"BDMR, HA6116, HD4, HDAC-4, HDAC-A, HDACA, KIAA0288"
HDAC7	3	Yes	Yes	No	No	Yes	No	Yes	No	No	"DKFZP586J0917, HDAC7A"
HIF1A	3	Yes	Yes	No	No	Yes	No	No	No	Yes	"HIF-1alpha, HIF1, MOP1, PASD8, bHLHe78"
HLA-B	3	Yes	No	Yes	Yes	Yes	No	No	No	No	AS
HMGA1	3	Yes	Yes	No	No	No	No	Yes	No	Yes	HMGIY
HMGA2	3	Yes	Yes	No	No	No	No	Yes	No	Yes	"BABL, HMGIC, LIPO"
HOXB13	3	Yes	Yes	Yes	Yes	Yes	No	No	No	No	
ICOSLG	3	Yes	Yes	No	Yes	Yes	No	No	No	No	"B7-H2, B7H2, B7RP-1, B7RP1, B7h, CD275, GL50, ICOS-L, ICOSL, KIAA0653"
IFNGR1	3	Yes	No	Yes	Yes	Yes	No	No	No	No	"CD119, IFNGR"
IGF1	3	Yes	Yes	No	Yes	Yes	No	No	No	No	"IGF, IGF-I, IGF1A, IGFI"
IGF2	3	Yes	Yes	No	Yes	Yes	No	No	No	No	"C11orf43, FLJ44734, IGF-II"
IKZF3	3	Yes	Yes	Yes	No	Yes	No	Yes	No	No	"Aiolos, ZNFN1A3"
IL10	3	Yes	No	No	Yes	Yes	No	No	No	No	"CSIF, IL-10, IL10A"
INHA	3	Yes	No	Yes	Yes	Yes	No	No	No	No	
INPP4A	3	Yes	No	No	Yes	Yes	No	No	No	No	INPP4
INPPL1	3	Yes	No	Yes	Yes	Yes	No	No	No	No	SHIP2
INSR	3	Yes	Yes	No	Yes	Yes	No	No	No	No	CD220
IRF1	3	Yes	No	Yes	No	Yes	No	Yes	No	No	MAR
IRF8	3	Yes	No	Yes	No	Yes	No	Yes	No	No	"ICSBP, ICSBP1, IRF-8"
IRS1	3	Yes	Yes	No	Yes	Yes	No	No	No	No	HIRS-1
JARID2	3	Yes	Yes	Yes	No	Yes	No	Yes	No	No	JMJ
KAT6A	3	Yes	No	No	No	No	No	Yes	No	Yes	"MOZ, MYST3, RUNXBP2, ZC2HC6A, ZNF220"
KMT2B	3	Yes	No	Yes	Yes	Yes	No	No	No	No	"CXXC10, HRX2, KIAA0304, MLL1B, MLL4, TRX2, WBP7"
KMT5A	3	Yes	No	No	Yes	Yes	No	No	No	No	"PR-Set7, SET07, SET8, SETD8"
KNSTRN	3	Yes	No	No	Yes	Yes	No	No	No	No	"C15orf23, FLJ14502, SKAP, TRAF4AF1, kinastrin"
LCK	3	Yes	Yes	No	No	Yes	No	No	No	Yes	
LMO2	3	Yes	Yes	No	No	No	No	Yes	No	Yes	"RBTN2, RBTNL1, RHOM2, TTG2"
LRP1B	3	Yes	No	Yes	No	No	No	Yes	No	Yes	"LRP-DIT, LRPDIT"
LZTR1	3	Yes	No	Yes	Yes	No	No	No	No	Yes	"BTBD29, LZTR-1"
MAFB	3	Yes	Yes	No	No	No	No	Yes	No	Yes	KRML
MAPK3	3	Yes	Yes	No	Yes	Yes	No	No	No	No	"ERK1, PRKM3, p44erk1, p44mapk"
MAPKAP1	3	Yes	No	No	Yes	Yes	No	No	No	No	"MGC2745, MIP1, SIN1"
MDC1	3	Yes	No	No	Yes	Yes	No	No	No	No	"Em:AB023051.5, KIAA0170, NFBD1"
MECOM	3	Yes	Yes	No	No	No	No	Yes	No	Yes	"EVI1, KMT8E, MDS1, MDS1-EVI1, PRDM3"
MGA	3	Yes	No	Yes	Yes	Yes	No	No	No	No	"FLJ12634, KIAA0518, MAD5, MXD5"
MLLT10	3	Yes	Yes	No	No	No	No	Yes	No	Yes	AF10
MLLT3	3	Yes	Yes	No	No	No	No	Yes	No	Yes	"AF-9, AF9, YEATS3"
MSI1	3	Yes	Yes	No	Yes	Yes	No	No	No	No	
MST1	3	Yes	No	Yes	Yes	Yes	No	No	No	No	"D3F15S2, DNF15S2, HGFL, NF15S2"
MTAP	3	Yes	No	Yes	Yes	No	Yes	No	No	No	"MSAP, c86fus"
MYB	3	No	No	No	No	No	Yes	Yes	No	Yes	c-myb
MYH11	3	Yes	No	Yes	No	No	No	Yes	No	Yes	"SMHC, SMMHC"
NCOA3	3	Yes	Yes	No	Yes	Yes	No	No	No	No	"ACTR, AIB1, CAGH16, KAT13B, SRC-3, SRC3, TNRC16, TRAM-1, bHLHe42, p/CIP"
NCSTN	3	Yes	Yes	No	No	Yes	No	Yes	No	No	"APH2, KIAA0253"
NEGR1	3	Yes	No	No	Yes	Yes	No	No	No	No	"IGLON4, KILON, MGC46680, Ntra"
NKX3-1	3	Yes	No	Yes	Yes	Yes	No	No	No	No	"BAPX2, NKX3.1, NKX3A"
NOTCH4	3	Yes	Yes	Yes	Yes	Yes	No	No	No	No	INT3
NR4A3	3	Yes	Yes	No	No	No	No	Yes	No	Yes	"CSMF, MINOR"
NTHL1	3	Yes	No	Yes	Yes	Yes	No	No	No	No	"NTH1, OCTS3"
NUF2	3	Yes	Yes	No	Yes	Yes	No	No	No	No	"CDCA1, CT106, NUF2R"
NUP214	3	Yes	Yes	No	No	No	No	Yes	No	Yes	"CAIN, CAN, D9S46E, N214"
NUP98	3	Yes	Yes	No	No	No	No	Yes	No	Yes	"NUP96, Nup98-96, Nup98-Nup96"
NUTM1	3	Yes	No	No	No	No	Yes	No	No	Yes	"C15orf55, DKFZp434O192, FAM22H, NUT"
PAK1	3	Yes	Yes	No	Yes	Yes	No	No	No	No	
PAK5	3	Yes	Yes	No	Yes	Yes	No	No	No	No	"KIAA1264, PAK7"
PCBP1	3	Yes	No	No	No	Yes	No	Yes	No	No	"HNRPE1, HNRPX, hnRNP-E1, hnRNP-X"
PDGFB	3	Yes	Yes	No	No	No	No	Yes	No	Yes	"SIS, SSV"
PDPK1	3	Yes	No	No	Yes	Yes	No	No	No	No	
PGR	3	Yes	Yes	No	Yes	Yes	No	No	No	No	"NR3C3, PR"
PIK3C3	3	Yes	No	No	Yes	Yes	No	No	No	No	Vps34
PIK3CD	3	Yes	Yes	No	Yes	Yes	No	No	No	No	p110D
PIK3R3	3	Yes	No	Yes	Yes	Yes	No	No	No	No	
PLCG1	3	Yes	Yes	No	No	Yes	No	No	No	Yes	"NCKAP3, PLC-II, PLC1, PLC148, PLCgamma1"
PLK2	3	Yes	No	No	Yes	Yes	No	No	No	No	SNK
PMAIP1	3	Yes	No	Yes	Yes	Yes	No	No	No	No	NOXA
PMS1	3	Yes	No	Yes	Yes	Yes	No	No	No	No	"MLH2, PMSL1"
PNRC1	3	Yes	No	No	Yes	Yes	No	No	No	No	"B4-2, PROL2, PRR2"
PPP4R2	3	Yes	No	No	Yes	Yes	No	No	No	No	
PRDM14	3	Yes	No	No	Yes	Yes	No	No	No	No	
PRKD1	3	Yes	No	No	Yes	Yes	No	No	No	No	"PKC-mu, PKCM, PKD, PRKCM"
PTP4A1	3	Yes	No	No	Yes	Yes	No	No	No	No	"PRL-1, PTPCAAX1"
PTPN2	3	Yes	No	Yes	No	Yes	No	Yes	No	No	"PTPT, TC-PTP, TCELLPTP, TCPTP"
PTPRD	3	Yes	No	Yes	Yes	Yes	No	No	No	No	"HPTP, PTPD"
PTPRS	3	Yes	No	Yes	Yes	Yes	No	No	No	No	
RAB35	3	Yes	Yes	No	Yes	Yes	No	No	No	No	H-ray
RAC2	3	Yes	Yes	No	Yes	Yes	No	No	No	No	EN-7
RASA1	3	Yes	No	Yes	Yes	Yes	No	No	No	No	"CM-AVM, GAP, RASA, p120GAP, p120RASGAP"
RBM15	3	Yes	Yes	Yes	No	No	No	Yes	No	Yes	"OTT, OTT1"
RECQL	3	Yes	No	Yes	Yes	Yes	No	No	No	No	"RecQ1, RecQL1"
RHEB	3	Yes	Yes	No	Yes	Yes	No	No	No	No	RHEB2
RIT1	3	Yes	Yes	No	Yes	Yes	No	No	No	No	"MGC125864, MGC125865, RIBB, RIT, ROC1"
RPS6KA4	3	Yes	Yes	No	Yes	Yes	No	No	No	No	"MSK2, RSK-B"
RPS6KB2	3	Yes	Yes	No	Yes	Yes	No	No	No	No	"KLS, P70-BETA, S6KB, S6Kbeta, S6K?, STK14B, p70S6Kb"
RRAGC	3	Yes	Yes	No	Yes	Yes	No	No	No	No	"FLJ13311, GTR2"
RRAS	3	Yes	Yes	No	Yes	Yes	No	No	No	No	R-Ras
RRAS2	3	Yes	Yes	No	Yes	Yes	No	No	No	No	TC21
RTEL1	3	Yes	No	Yes	Yes	Yes	No	No	No	No	"C20orf41, DKFZP434C013, KIAA1088, NHL, RTEL, bK3184A7.3"
RXRA	3	Yes	No	No	Yes	Yes	No	No	No	No	NR2B1
RYBP	3	Yes	No	Yes	Yes	Yes	No	No	No	No	"AAP1, DEDAF, YEAF1"
SESN1	3	Yes	No	Yes	Yes	Yes	No	No	No	No	"PA26, SEST1"
SESN2	3	Yes	No	Yes	Yes	Yes	No	No	No	No	"DKFZp761M0212, HI95, SEST2"
SESN3	3	Yes	No	Yes	Yes	Yes	No	No	No	No	"MGC29667, SEST3"
SET	3	Yes	Yes	No	No	No	No	Yes	No	Yes	"2PP2A, IGAAD, IPP2A2, PHAPII, TAF-I, TAF-IBETA"
SETDB1	3	Yes	Yes	Yes	Yes	Yes	No	No	No	No	"ESET, KG1T, KIAA0067, KMT1E, TDRD21"
SH2D1A	3	Yes	No	Yes	Yes	Yes	No	No	No	No	"DSHP, EBVS, IMD5, LYP, SAP, XLP, XLPD"
SHOC2	3	Yes	Yes	No	Yes	Yes	No	No	No	No	"KIAA0862, SOC-2, SOC2, SUR-8, SUR8"
SHQ1	3	Yes	No	Yes	Yes	Yes	No	No	No	No	"FLJ10539, Shq1p"
SLX4	3	Yes	No	Yes	Yes	Yes	No	No	No	No	"BTBD12, FANCP, KIAA1784, KIAA1987"
SMARCE1	3	Yes	Yes	Yes	Yes	No	No	No	No	Yes	BAF57
SMC1A	3	Yes	No	Yes	No	Yes	No	Yes	No	No	"DXS423E, KIAA0178, SB1.8, SMC1L1, Smcb"
SMC3	3	Yes	No	Yes	No	Yes	No	Yes	No	No	"BAM, CSPG6, HCAP, SMC3L1, bamacan"
SMYD3	3	Yes	Yes	No	Yes	Yes	No	No	No	No	"KMT3E, ZMYND1, ZNFN3A1"
SOS1	3	Yes	Yes	No	Yes	Yes	No	No	No	No	GINGF
SOX17	3	Yes	No	Yes	Yes	Yes	No	No	No	No	
SPRED1	3	Yes	No	Yes	Yes	Yes	No	No	No	No	"FLJ33903, PPP1R147"
SS18	3	Yes	Yes	No	No	No	No	Yes	No	Yes	SSXT
STK19	3	Yes	Yes	No	Yes	Yes	No	No	No	No	"D6S60, G11"
STK40	3	Yes	No	No	Yes	Yes	No	No	No	No	"MGC4796, SgK495"
TAL1	3	Yes	Yes	No	No	No	No	Yes	No	Yes	"TCL5, bHLHa17"
TAP1	3	Yes	No	No	Yes	Yes	No	No	No	No	"ABCB2, D6S114E, RING4"
TAP2	3	Yes	No	No	Yes	Yes	No	No	No	No	"ABCB3, D6S217E, RING11"
TCL1A	3	Yes	Yes	No	No	No	No	Yes	No	Yes	TCL1
TFE3	3	Yes	Yes	No	No	No	No	Yes	No	Yes	"TFEA, bHLHe33"
TGFBR1	3	Yes	No	Yes	Yes	Yes	No	No	No	No	"ALK-5, ALK5, ESS1, MSSE, TBR-i, TBRI"
TLX1	3	Yes	Yes	No	No	No	No	Yes	No	Yes	"HOX11, TCL3"
TLX3	3	Yes	Yes	No	No	No	No	Yes	No	Yes	"HOX11L2, RNX"
TP53BP1	3	Yes	No	Yes	Yes	Yes	No	No	No	No	"53BP1, TDRD30, p202"
TRAF3	3	Yes	No	Yes	No	Yes	No	Yes	No	No	"CAP-1, CD40bp, CRAF1, LAP1, RNF118"
TRAF5	3	Yes	No	Yes	No	Yes	No	Yes	No	No	RNF84
TYK2	3	Yes	Yes	No	No	Yes	No	Yes	No	No	JTK1
U2AF2	3	Yes	No	No	No	Yes	No	Yes	No	No	U2AF65
UBR5	3	Yes	Yes	No	No	Yes	No	No	No	Yes	"DD5, EDD, EDD1, HYD, KIAA0896"
UPF1	3	Yes	No	No	Yes	Yes	No	No	No	No	"HUPF1, KIAA0221, NORF1, RENT1, pNORF1, smg-2"
USP8	3	Yes	Yes	No	Yes	No	No	No	No	Yes	"HumORF8, KIAA0055, SPG59, UBPY"
VTCN1	3	Yes	No	No	Yes	Yes	No	No	No	No	"B7-H4, B7H4, B7S1, B7x, FLJ22418"
XBP1	3	Yes	Yes	No	No	Yes	No	Yes	No	No	XBP2
XIAP	3	Yes	Yes	No	Yes	Yes	No	No	No	No	"API3, BIRC4, ILP-1, hILP"
YAP1	3	Yes	Yes	No	Yes	Yes	No	No	No	No	YAP65
YES1	3	Yes	Yes	No	Yes	Yes	No	No	No	No	"HsT441, Yes, c-yes"
ABI1	2	No	No	No	No	No	No	Yes	No	Yes	"ABI-1, E3B1, SSH3BP1"
ACKR3	2	Yes	Yes	Yes	No	No	No	No	No	Yes	"CMKOR1, CXCR7, GPR159, RDC1"
ACTG1	2	Yes	No	Yes	No	Yes	No	No	No	No	"ACTG, DFNA20, DFNA26"
ACVR1B	2	No	No	No	No	No	Yes	No	Yes	No	"ACVRLK4, ALK4, ActRIB, SKR2"
AFDN	2	No	No	No	No	No	No	Yes	No	Yes	"AF-6, AF6, MLLT4"
AFF1	2	No	No	No	No	No	No	Yes	No	Yes	"AF-4, AF4, MLLT2, PBM1"
AGO1	2	Yes	Yes	No	Yes	No	No	No	No	No	"EIF2C1, hAGO1"
ALB	2	Yes	No	No	Yes	No	No	No	No	No	
APLNR	2	Yes	Yes	Yes	Yes	No	No	No	No	No	"AGTRL1, APJ, APJR, FLJ90771"
ARFRP1	2	No	No	No	No	No	Yes	Yes	No	No	"ARL18, ARP, Arp1"
ARHGAP26	2	No	No	No	No	No	No	Yes	No	Yes	"GRAF, KIAA0621, OPHN1L, OPHN1L1"
ARHGAP35	2	Yes	Yes	Yes	Yes	No	No	No	No	No	"GRF-1, GRLF1, KIAA1722, P190A, p190ARhoGAP, p190RhoGAP"
ARHGEF12	2	No	No	No	No	No	No	Yes	No	Yes	"KIAA0382, LARG"
ARHGEF28	2	Yes	Yes	No	No	Yes	No	No	No	No	"RGNEF, RIP2, p190RhoGEF"
ARID3A	2	Yes	No	Yes	No	Yes	No	No	No	No	"BRIGHT, DRIL1"
ARID3B	2	Yes	Yes	No	No	Yes	No	No	No	No	"BDP, DRIL2"
ARID3C	2	Yes	No	No	No	Yes	No	No	No	No	
ARID4A	2	Yes	No	Yes	No	Yes	No	No	No	No	"RBBP1, RBP-1"
ARID4B	2	Yes	No	Yes	No	Yes	No	No	No	No	"BCAA, BRCAA1, RBP1L1, SAP180"
ARID5A	2	Yes	No	No	No	Yes	No	No	No	No	"MRF-1, RP11-363D14"
ARNT	2	No	No	No	No	No	No	Yes	No	Yes	"HIF-1beta, bHLHe2"
ATIC	2	No	No	No	No	No	No	Yes	No	Yes	"AICARFT, IMPCHASE, PURH"
ATP1A1	2	Yes	Yes	Yes	No	No	No	No	No	Yes	
ATP6AP1	2	Yes	No	No	No	Yes	No	No	No	No	"16A, ATP6IP1, ATP6S1, Ac45, CF2, ORF, VATPS1, XAP-3, XAP3"
ATP6V1B2	2	Yes	No	Yes	No	Yes	No	No	No	No	"ATP6B2, HO57"
ATXN2	2	Yes	No	Yes	No	Yes	No	No	No	No	"ATX2, SCA2, TNRC13"
ATXN7	2	Yes	Yes	No	Yes	No	No	No	No	No	"ADCAII, OPCA3, SCA7, SGF73"
BACH2	2	Yes	No	Yes	No	Yes	No	No	No	No	BTBD25
BCL11A	2	No	No	No	No	No	No	Yes	No	Yes	"BCL11A-L, BCL11A-S, BCL11A-XL, CTIP1, EVI9, HBFQTL5, ZNF856"
BCL2L2	2	No	No	No	No	No	Yes	Yes	No	No	"BCL-W, KIAA0271, PPP1R51"
BCL7A	2	No	No	No	No	No	No	Yes	No	Yes	BCL7
BRD3	2	Yes	Yes	No	No	No	No	No	No	Yes	"KIAA0043, ORFX, RING3L"
BRSK1	2	Yes	No	Yes	No	No	No	Yes	No	No	KIAA1811
CAMTA1	2	No	No	No	No	No	No	Yes	No	Yes	KIAA0833
CARS1	2	No	No	No	No	No	No	Yes	No	Yes	CARS
CBFA2T3	2	No	No	No	No	No	No	Yes	No	Yes	"ETO2, MTG16, MTGR2, RUNX1T3, ZMYND4"
CD22	2	No	No	No	No	No	Yes	Yes	No	No	"SIGLEC-2, SIGLEC2"
CD28	2	Yes	Yes	No	No	Yes	No	No	No	No	
CD70	2	No	No	No	No	No	Yes	Yes	No	No	"CD27L, CD27LG, TNFSF7"
CD74	2	No	No	No	No	No	Yes	No	No	Yes	DHLAG
CDX2	2	No	No	No	No	No	No	Yes	No	Yes	CDX3
CEP43	2	No	No	No	No	No	No	Yes	No	Yes	"FGFR1OP, FOP"
CLTC	2	No	No	No	No	No	No	Yes	No	Yes	"CLTCL2, Hc"
CLTCL1	2	No	No	No	No	No	No	Yes	No	Yes	"CHC22, CLH22, CLTCL, CLTD"
CMTR2	2	Yes	No	Yes	Yes	No	No	No	No	No	"AFT, FLJ11171, FTSJD1, MTr2"
CNTRL	2	No	No	No	No	No	No	Yes	No	Yes	"CEP1, CEP110"
COL1A1	2	No	No	No	No	No	No	Yes	No	Yes	
CRBN	2	Yes	No	Yes	No	Yes	No	No	No	No	"MRT2, MRT2A"
CREB1	2	Yes	Yes	No	No	No	No	No	No	Yes	
CREB3L1	2	No	No	No	No	No	No	Yes	No	Yes	OASIS
CREB3L2	2	No	No	No	No	No	No	Yes	No	Yes	"BBF2H7, TCAG_1951439"
CTNNA1	2	No	No	No	No	No	Yes	Yes	No	No	CAP102
CTR9	2	Yes	No	Yes	Yes	No	No	No	No	No	"KIAA0155, SH2BP1, p150TSP"
CYP19A1	2	Yes	Yes	No	Yes	No	No	No	No	No	"ARO, ARO1, CPV1, CYAR, CYP19, P-450AROM, aromatase"
DDX10	2	No	No	No	No	No	No	Yes	No	Yes	"Dbp4, HRH-J8"
DDX6	2	No	No	No	No	No	No	Yes	No	Yes	"HLR2, Rck/p54"
DNM2	2	No	No	No	No	No	No	Yes	No	Yes	"CMT2M, CMTDI1, CMTDIB, DI-CMTB, DYN2, DYNII"
EBF1	2	No	No	No	No	No	No	Yes	No	Yes	"COE1, EBF, OLF1"
ECT2L	2	Yes	No	Yes	No	No	No	Yes	No	No	"ARHGEF32, C6orf91, FBXO49, LFDH"
EGR1	2	Yes	No	Yes	No	Yes	No	No	No	No	"AT225, G0S30, KROX-24, NGFI-A, TIS8, ZIF-268"
ELF4	2	No	No	No	No	No	No	Yes	No	Yes	ELFR
ELL	2	No	No	No	No	No	No	Yes	No	Yes	"C19orf17, ELL1, Men, PPP1R68"
EML4	2	No	No	No	No	No	No	Yes	No	Yes	"C2orf2, ELP120, ROPP120"
EMSY	2	No	No	No	No	No	Yes	Yes	No	No	C11orf30
EP400	2	Yes	No	Yes	No	Yes	No	No	No	No	"CAGH32, DKFZP434I225, KIAA1498, KIAA1818, P400, TNRC12"
EPOR	2	Yes	Yes	No	No	No	No	Yes	No	No	
EPS15	2	No	No	No	No	No	No	Yes	No	Yes	"AF-1P, MLLT5"
ESCO2	2	Yes	No	Yes	No	Yes	No	No	No	No	"EFO2, RBS"
ETAA1	2	Yes	No	Yes	Yes	No	No	No	No	No	ETAA16
EXT1	2	Yes	No	Yes	No	No	No	No	No	Yes	"LGCR, LGS, ttv"
EZHIP	2	Yes	Yes	No	Yes	No	No	No	No	No	"CATACOMB, CXorf67"
EZR	2	No	No	No	No	No	Yes	No	No	Yes	VIL2
FANCE	2	No	No	No	No	No	No	Yes	No	Yes	"FACE, FAE"
FANCF	2	No	No	No	No	No	No	Yes	No	Yes	
FCGR2B	2	No	No	No	No	No	No	Yes	No	Yes	"CD32, CD32B, FCG2, FCGR2"
FCRL4	2	No	No	No	No	No	No	Yes	No	Yes	"CD307d, FCRH4, IGFP2, IRTA1"
FES	2	Yes	Yes	No	No	No	No	No	No	Yes	FPS
FGF10	2	No	No	No	No	No	Yes	Yes	No	No	
FGF14	2	No	No	No	No	No	Yes	Yes	No	No	"FHF4, SCA27"
FGF23	2	No	No	No	No	No	Yes	Yes	No	No	
FGF6	2	No	No	No	No	No	Yes	Yes	No	No	
FHIT	2	No	No	No	No	No	No	Yes	No	Yes	FRA3B
FOXF1	2	Yes	Yes	Yes	Yes	No	No	No	No	No	"FKHL5, FREAC1"
FOXO3	2	No	No	No	No	No	No	Yes	No	Yes	"AF6q21, FKHRL1, FOXO2, FOXO3A"
FOXO4	2	No	No	No	No	No	No	Yes	No	Yes	"AFX1, MLLT7"
FSTL3	2	No	No	No	No	No	No	Yes	No	Yes	"FLRG, FSRP"
FURIN	2	Yes	Yes	No	No	Yes	No	No	No	No	"FUR, PACE, PCSK3"
GAB1	2	Yes	Yes	No	Yes	No	No	No	No	No	DFNB26
GAB2	2	Yes	Yes	No	Yes	No	No	No	No	No	KIAA0571
GAS7	2	No	No	No	No	No	No	Yes	No	Yes	"KIAA0394, MGC1348"
GID4	2	No	No	No	No	No	Yes	Yes	No	No	"C17orf39, VID24"
GPHN	2	No	No	No	No	No	No	Yes	No	Yes	KIAA1385
GTF2I	2	Yes	Yes	No	No	Yes	No	No	No	No	"BAP-135, BTKAP1, DIWS, IB291, TFII-I, WBSCR6"
H1-5	2	Yes	No	Yes	No	Yes	No	No	No	No	"H1F5, H1b, H1s-3, HIST1H1B"
H2BC8	2	Yes	No	No	No	Yes	No	No	No	No	"H2B.1A, H2B/a, H2BFA, HIST1H2BG"
H4C9	2	No	No	No	No	No	No	Yes	No	Yes	"H4/m, H4FM, HIST1H4I"
HERPUD1	2	No	No	No	No	No	No	Yes	No	Yes	"HERP, KIAA0025, Mif1, SUP"
HEY1	2	No	No	No	No	No	No	Yes	No	Yes	"CHF-2, CHF2, HERP2, HESR-1, HESR1, HRT-1, bHLHb31"
HIP1	2	No	No	No	No	No	No	Yes	No	Yes	
HLA-C	2	Yes	No	Yes	Yes	No	No	No	No	No	"D6S204, HLA-JY3, PSORS1"
HLF	2	No	No	No	No	No	No	Yes	No	Yes	MGC33822
HOXA11	2	No	No	No	No	No	No	Yes	No	Yes	"HOX1, HOX1I"
HOXA13	2	No	No	No	No	No	No	Yes	No	Yes	HOX1J
HOXA9	2	No	No	No	No	No	No	Yes	No	Yes	HOX1G
HOXC11	2	No	No	No	No	No	No	Yes	No	Yes	HOX3H
HOXC13	2	No	No	No	No	No	No	Yes	No	Yes	"HOX3, HOX3G"
HOXD11	2	No	No	No	No	No	No	Yes	No	Yes	HOX4F
HOXD13	2	No	No	No	No	No	No	Yes	No	Yes	"HOX4I, SPD"
HSP90AA1	2	No	No	No	No	No	No	Yes	No	Yes	"FLJ31884, HSP90N, HSPC1, HSPCA, Hsp89, Hsp90"
HSP90AB1	2	No	No	No	No	No	No	Yes	No	Yes	"HSPC2, HSPCB"
IGH	2	No	No	No	No	No	No	Yes	No	Yes	"IGH@, IGHDY1"
IGK	2	No	No	No	No	No	No	Yes	No	Yes	IGK@
IGL	2	No	No	No	No	No	No	Yes	No	Yes	IGL@
IL21R	2	No	No	No	No	No	No	Yes	No	Yes	CD360
IL3	2	Yes	Yes	No	No	No	No	Yes	No	No	"IL-3, MCGF, MGC79398, MGC79399, MULTI-CSF"
IL6ST	2	Yes	Yes	No	No	No	No	No	No	Yes	"CD130, GP130, IL-6RB, sGP130"
ITK	2	No	No	No	No	No	No	Yes	No	Yes	"EMT, LYK, PSCTK2"
KBTBD4	2	Yes	No	No	Yes	No	No	No	No	No	"BKLHD4, FLJ10450, HSPC252"
KDSR	2	No	No	No	No	No	No	Yes	No	Yes	"DHSR, FVT1, SDR35C1"
KIF5B	2	No	No	No	No	No	No	Yes	No	Yes	"KNS, KNS1"
KLF5	2	Yes	Yes	No	Yes	No	No	No	No	No	"BTEB2, IKLF"
KLHL6	2	No	No	No	No	No	Yes	Yes	No	No	FLJ00029
KSR2	2	Yes	Yes	No	No	Yes	No	No	No	No	FLJ25965
LASP1	2	No	No	No	No	No	No	Yes	No	Yes	"Lasp-1, MLN50"
LEF1	2	No	No	No	No	No	No	Yes	No	Yes	"TCF10, TCF1ALPHA, TCF7L3"
LPP	2	No	No	No	No	No	No	Yes	No	Yes	
LTB	2	Yes	Yes	Yes	No	Yes	No	No	No	No	"TNFC, TNFSF3"
LTK	2	Yes	Yes	No	No	No	Yes	No	No	No	TYK1
LYL1	2	No	No	No	No	No	No	Yes	No	Yes	bHLHa18
MAD2L2	2	Yes	Yes	Yes	Yes	No	No	No	No	No	"FANCV, MAD2B, POLZ2, REV7"
MEF2C	2	Yes	Yes	Yes	No	No	No	Yes	No	No	
MERTK	2	Yes	Yes	No	No	No	Yes	No	No	No	"RP38, Tyro12, c-Eyk, mer"
MGAM	2	Yes	Yes	No	No	Yes	No	No	No	No	
MKI67	2	Yes	Yes	No	No	No	No	Yes	No	No	"MIB-1, PPP1R105"
MLF1	2	No	No	No	No	No	No	Yes	No	Yes	
MLLT6	2	No	No	No	No	No	No	Yes	No	Yes	"AF17, FLJ23480"
MN1	2	No	No	No	No	No	No	Yes	No	Yes	"MGCR, MGCR1, MGCR1-PEN"
MOB3B	2	Yes	No	Yes	No	Yes	No	No	No	No	"C9orf35, FLJ13204, MOB1D, MOBKL2B"
MPEG1	2	Yes	No	No	No	Yes	No	No	No	No	MPG1
MRTFA	2	No	No	No	No	No	No	Yes	No	Yes	"BSAC, KIAA1438, MKL, MKL1, MRTF-A"
MSN	2	No	No	No	No	No	No	Yes	No	Yes	
MUC1	2	No	No	No	No	No	No	Yes	No	Yes	"ADMCKD, ADMCKD1, CD227, MCD, MCKD, MCKD1, PEM, PUM"
MYH9	2	No	No	No	No	No	No	Yes	No	Yes	"DFNA17, EPSTS, FTNS, MHA, NMHC-II-A, NMMHCA"
NADK	2	Yes	Yes	No	Yes	No	No	No	No	No	FLJ13052
NCOA2	2	No	No	No	No	No	No	Yes	No	Yes	"KAT13C, NCoA-2, TIF2, bHLHe75"
NDRG1	2	No	No	No	No	No	No	Yes	No	Yes	"CAP43, NDR1, RTP, TDD5"
NFE2	2	Yes	Yes	No	No	Yes	No	No	No	No	NF-E2
NFKB2	2	No	No	No	No	No	No	Yes	No	Yes	"LYT-10, NF-kB2, p49/p100"
NIN	2	No	No	No	No	No	No	Yes	No	Yes	
NRG1	2	Yes	Yes	No	No	No	No	No	No	Yes	"GGF, HGL, NDF, NRG1-IT2"
NUMA1	2	No	No	No	No	No	No	Yes	No	Yes	
NUTM2A	2	No	No	No	No	No	No	Yes	No	Yes	FAM22A
PAFAH1B2	2	No	No	No	No	No	No	Yes	No	Yes	
PAX3	2	No	No	No	No	No	No	Yes	No	Yes	"HUP2, WS1"
PAX7	2	No	No	No	No	No	No	Yes	No	Yes	Hup1
PAX8	2	Yes	Yes	No	No	No	No	No	No	Yes	
PBX1	2	No	No	No	No	No	No	Yes	No	Yes	
PCM1	2	No	No	No	No	No	No	Yes	No	Yes	PTC4
PDE4DIP	2	No	No	No	No	No	No	Yes	No	Yes	"CMYA2, KIAA0454, KIAA0477, MMGL"
PDK1	2	No	No	No	No	No	Yes	Yes	No	No	
PDS5B	2	Yes	No	Yes	No	Yes	No	No	No	No	"APRIN, AS3, CG008, FLJ23236, KIAA0979"
PER1	2	No	No	No	No	No	No	Yes	No	Yes	"PER, RIGUI"
PGBD5	2	Yes	Yes	No	Yes	No	No	No	No	No	"DKFZp761A0620, FLJ11413"
PICALM	2	No	No	No	No	No	No	Yes	No	Yes	CLTH
PIGA	2	Yes	No	Yes	No	Yes	No	No	No	No	GPI3
PLAG1	2	No	No	No	No	No	No	Yes	No	Yes	ZNF912
PML	2	No	No	No	No	No	No	Yes	No	Yes	"MYL, RNF71, TRIM19"
POU2AF1	2	No	No	No	No	No	No	Yes	No	Yes	"BOB1, OBF1"
PPP2R2A	2	Yes	No	Yes	No	No	Yes	No	No	No	"B55A, B55alpha, PR52A, PR55A, PR55alpha"
PRDM16	2	No	No	No	No	No	No	Yes	No	Yes	"KIAA1675, KMT8F, MEL1, MGC166915, PFM13"
PRKACA	2	Yes	Yes	No	No	No	No	No	No	Yes	PKACa
PRRX1	2	No	No	No	No	No	No	Yes	No	Yes	"PHOX1, PMX1"
PSIP1	2	No	No	No	No	No	No	Yes	No	Yes	"DFS70, LEDGF, PSIP2"
PTPN1	2	Yes	Yes	Yes	No	Yes	No	No	No	No	PTP1B
PTPRO	2	No	No	No	No	No	Yes	Yes	No	No	"GLEPP1, NPHS6, PTP-U2, PTP-oc, PTPU2"
QKI	2	No	No	No	No	No	Yes	No	No	Yes	QK3
RABEP1	2	No	No	No	No	No	No	Yes	No	Yes	"RAB5EP, RABPT5, neurocrescin, rabaptin-5"
RAP1GDS1	2	No	No	No	No	No	No	Yes	No	Yes	SmgGDS
RELN	2	Yes	No	No	No	No	No	Yes	No	No	"PRO1598, RL"
REST	2	Yes	No	Yes	Yes	No	No	No	No	No	"DFNA27, NRSF, XBR"
RHOH	2	No	No	No	No	No	No	Yes	No	Yes	"ARHH, TTF"
RNF213	2	No	No	No	No	No	No	Yes	No	Yes	"ALO17, C17orf27, KIAA1554, KIAA1618, MYMY2, NET57"
ROBO1	2	Yes	No	Yes	No	Yes	No	No	No	No	"DUTT1, FLJ21882, SAX3"
RPL22	2	No	No	No	No	No	No	Yes	No	Yes	"EAP, L22"
RPN1	2	No	No	No	No	No	No	Yes	No	Yes	
RSPO2	2	No	No	No	No	No	Yes	No	No	Yes	MGC35555
SAMHD1	2	Yes	No	Yes	No	Yes	No	No	No	No	"AGS5, HDDC1, MOP-5, Mg11, SBBI88"
SCG5	2	Yes	Yes	No	Yes	No	No	No	No	No	"7B2, SGNE1, SgV"
SDC4	2	No	No	No	No	No	Yes	No	No	Yes	"SYND4, amphiglycan, ryudocan"
SERPINB3	2	Yes	Yes	Yes	Yes	No	No	No	No	No	"HsT1196, SCC, SCCA1, T4-A"
SERPINB4	2	Yes	No	No	Yes	No	No	No	No	No	"LEUPIN, PI11, SCCA-2, SCCA2"
SETD1A	2	Yes	Yes	No	No	Yes	No	No	No	No	"KIAA0339, KMT2F, SET1A, Set1"
SETD1B	2	Yes	No	No	No	Yes	No	No	No	No	"KIAA1076, KMT2G, Set1B"
SETD3	2	Yes	No	No	No	Yes	No	No	No	No	"C14orf154, FLJ23027"
SETD4	2	Yes	No	No	No	Yes	No	No	No	No	"C21orf18, C21orf27"
SETD5	2	Yes	No	No	No	Yes	No	No	No	No	FLJ10707
SETD6	2	Yes	No	No	No	Yes	No	No	No	No	FLJ21148
SETD7	2	Yes	No	No	No	Yes	No	No	No	No	"KIAA1717, KMT7, SET7, SET7/9, Set9"
SETDB2	2	Yes	No	Yes	No	Yes	No	No	No	No	"C13orf4, CLLD8, CLLL8, KMT1F"
SH3GL1	2	No	No	No	No	No	No	Yes	No	Yes	"CNSA1, EEN, MGC111371, SH3D2B, SH3P8"
SLC34A2	2	No	No	No	No	No	Yes	No	No	Yes	NAPI-3B
SLFN11	2	Yes	No	Yes	Yes	No	No	No	No	No	FLJ34922
SMARCA2	2	Yes	No	Yes	Yes	No	No	No	No	No	"BAF190, BRM, SNF2, SNF2L2, SNF2LA, SWI2, Sth1p, hBRM, hSNF2a"
SMG1	2	Yes	No	Yes	No	Yes	No	No	No	No	"KIAA0421, LIP"
SOCS3	2	Yes	No	Yes	No	No	No	Yes	No	No	"CIS3, Cish3, SOCS-3, SSI-3"
SP140	2	Yes	No	Yes	No	Yes	No	No	No	No	"LYSP100-A, LYSP100-B"
SPRTN	2	Yes	No	Yes	Yes	No	No	No	No	No	"C1orf124, DKFZP547N043, DVC1, Spartan"
SRSF3	2	No	No	No	No	No	No	Yes	No	Yes	"SFRS3, SRp20"
SSX1	2	No	No	No	No	No	No	Yes	No	Yes	CT5.1
SSX2	2	No	No	No	No	No	No	Yes	No	Yes	"CT5.2a, HD21, HOM-MEL-40, MGC119055, MGC15364, MGC3884, SSX"
SSX4	2	No	No	No	No	No	No	Yes	No	Yes	CT5.4
STAG1	2	Yes	No	Yes	No	Yes	No	No	No	No	"SA-1, SA1, SCC3A"
TAF15	2	No	No	No	No	No	No	Yes	No	Yes	"Npl3, RBP56, TAF2N, hTAFII68"
TAL2	2	No	No	No	No	No	No	Yes	No	Yes	bHLHa19
TET3	2	Yes	No	Yes	No	Yes	No	No	No	No	"MGC22014, hCG_40738"
TFG	2	No	No	No	No	No	No	Yes	No	Yes	"FLJ36137, SPG57, TF6"
TNFRSF17	2	No	No	No	No	No	No	Yes	No	Yes	"BCM, BCMA, CD269, TNFRSF13A"
TPM3	2	No	No	No	No	No	No	Yes	No	Yes	"NEM1, TRK"
TPM4	2	No	No	No	No	No	No	Yes	No	Yes	
TRA	2	Yes	Yes	No	No	No	No	No	No	Yes	"TCRA, TRA@"
TRB	2	Yes	Yes	No	No	No	No	No	No	Yes	"TCRB, TRB@"
TRD	2	Yes	Yes	No	No	No	No	No	No	Yes	"TCRD, TCRDV1, TRD@"
TRG	2	Yes	Yes	No	No	No	No	Yes	No	No	"TCRG, TRG@"
TRIM24	2	No	No	No	No	No	No	Yes	No	Yes	"RNF82, TIF1, TIF1A, Tif1a, hTIF1"
TRIM27	2	Yes	Yes	No	No	No	No	No	No	Yes	"RFP, RNF76"
TRIP11	2	No	No	No	No	No	No	Yes	No	Yes	"CEV14, GMAP-210, GMAP210, Trip230"
TRIP13	2	Yes	Yes	Yes	Yes	No	No	No	No	No	16E1BP
USP6	2	No	No	No	No	No	No	Yes	No	Yes	"HRP1, TRE17, TRESMCR, Tre-2, Tre2"
VAV1	2	Yes	Yes	No	No	Yes	No	No	No	No	VAV
VAV2	2	Yes	Yes	No	No	Yes	No	No	No	No	
WIF1	2	Yes	No	Yes	No	No	No	No	No	Yes	
ZBTB16	2	No	No	No	No	No	No	Yes	No	Yes	"PLZF, ZNF145"
ZMYM2	2	No	No	No	No	No	No	Yes	No	Yes	"FIM, RAMP, ZNF198"
ZNF217	2	No	No	No	No	No	Yes	Yes	No	No	ZABC1
ZNF384	2	No	No	No	No	No	No	Yes	No	Yes	"CAGH1A, CIZ, NMP4, TNRC1"
ZNF521	2	No	No	No	No	No	No	Yes	No	Yes	"EHZF, Evi3"
ZNF703	2	No	No	No	No	No	Yes	Yes	No	No	"FLJ14299, NLZ1, ZEPPO1, ZNF503L, Zpo1"
ZNRF3	2	Yes	No	Yes	Yes	No	No	No	No	No	"BK747E2.3, FLJ22057, KIAA1133, RNF203"
ACSL3	1	No	No	No	No	No	No	No	No	Yes	"FACL3, PRO2194"
ACSL6	1	No	No	No	No	No	No	Yes	No	No	"FACL6, KIAA0837, LACS5"
ACTB	1	No	No	No	No	No	No	Yes	No	No	
ACVR2A	1	No	No	No	No	No	No	No	No	Yes	"ACTRII, ACVR2"
ADGRA2	1	No	No	No	No	No	No	Yes	No	No	"DKFZp434C211, DKFZp434J0911, FLJ14390, GPR124, KIAA1531, TEM5"
ADHFE1	1	Yes	Yes	No	No	No	No	No	No	No	FLJ32430
AFF3	1	No	No	No	No	No	No	No	No	Yes	"LAF4, MLLT2-like"
AJUBA	1	Yes	No	Yes	No	No	No	No	No	No	"JUB, MGC15563"
ALDH1L2	1	Yes	Yes	No	No	No	No	No	No	No	"FLJ38508, mtFDH"
ALDH2	1	Yes	No	Yes	No	No	No	No	No	No	
APH1A	1	No	No	No	No	No	No	Yes	No	No	"APH-1A, CGI-78"
APOBEC3B	1	No	No	No	No	No	No	No	No	Yes	"FLJ21201, PHRBNL"
ASMTL	1	No	No	No	No	No	No	Yes	No	No	
ASPSCR1	1	No	No	No	No	No	No	No	No	Yes	"ASPL, ASPS, TUG, UBXD9, UBXN9"
ATG5	1	No	No	No	No	No	No	Yes	No	No	"APG5, APG5L, hAPG5"
ATP2B3	1	No	No	No	No	No	No	No	No	Yes	"CFAP39, CLA2, PMCA3, SCAX1"
ATRIP	1	Yes	No	Yes	No	No	No	No	No	No	"FLJ12343, MGC20625, MGC21482, MGC26740"
BAALC	1	Yes	Yes	No	No	No	No	No	No	No	
BAX	1	No	No	No	No	No	No	No	No	Yes	BCL2L4
BCL9L	1	No	No	No	No	No	No	No	No	Yes	"B9L, Bcl9-2, DLNB11"
BTLA	1	No	No	No	No	No	No	Yes	No	No	"BTLA1, CD272"
BUB1B	1	No	No	No	No	No	No	No	No	Yes	"BUBR1, Bub1A, MAD3L, SSK1"
CACNA1D	1	No	No	No	No	No	No	No	No	Yes	"CACH3, CACN4, CACNL1A2, CCHL1A2, Cav1.3"
CAD	1	No	No	No	No	No	No	Yes	No	No	
CANT1	1	No	No	No	No	No	No	No	No	Yes	"SCAN-1, SHAPY"
CBLB	1	No	No	No	No	No	No	No	No	Yes	"Cbl-b, RNF56"
CBLC	1	No	No	No	No	No	No	No	No	Yes	"CBL-3, CBL-SL, RNF57"
CCDC6	1	No	No	No	No	No	No	No	No	Yes	"D10S170, H4, TPC, TST1"
CCN6	1	No	No	No	No	No	No	Yes	No	No	"WISP-3, WISP3"
CCNB1IP1	1	No	No	No	No	No	No	No	No	Yes	"C14orf18, HEI10"
CCNB3	1	Yes	Yes	No	No	No	No	No	No	No	
CCT6B	1	No	No	No	No	No	No	Yes	No	No	"Cctz2, TSA303"
CD36	1	No	No	No	No	No	No	Yes	No	No	"GP3B, GP4, GPIV, SCARB3"
CDH11	1	No	No	No	No	No	No	No	No	Yes	CAD11
CHCHD7	1	No	No	No	No	No	No	No	No	Yes	"COX23, MGC2217"
CHD2	1	No	No	No	No	No	No	Yes	No	No	"DKFZp547I1315, DKFZp686E01200, DKFZp781D1727, FLJ38614"
CHD4	1	No	No	No	No	No	No	No	No	Yes	"Mi-2b, Mi2-BETA"
CHIC2	1	No	No	No	No	No	No	Yes	No	No	BTL
CHN1	1	No	No	No	No	No	No	Yes	No	No	"ARHGAP2, CHN, DURS2, n-chimerin"
CHTF8	1	Yes	No	Yes	No	No	No	No	No	No	"CTF8, FLJ20400"
CILK1	1	No	No	No	No	No	No	Yes	No	No	"ICK, KIAA0936, LCK2, MGC46090"
CKS1B	1	No	No	No	No	No	No	Yes	No	No	ckshs1
CLIP1	1	No	No	No	No	No	No	No	No	Yes	"CLIP-170, CLIP170, CYLN1, RSN"
CLP1	1	No	No	No	No	No	No	Yes	No	No	"HEAB, hClp1"
CNBP	1	No	No	No	No	No	No	No	No	Yes	"CNBP1, DM2, RNF163, ZCCHC22, ZNF9"
CNOT3	1	No	No	No	No	No	No	No	No	Yes	"KIAA0691, LENG2, NOT3, NOT3H"
COL2A1	1	No	No	No	No	No	No	No	No	Yes	"AOM, SEDC, STL1"
CPS1	1	No	No	No	No	No	No	Yes	No	No	
CRTC1	1	No	No	No	No	No	No	No	No	Yes	"FLJ14027, KIAA0616, MECT1, TORC1"
CRTC3	1	No	No	No	No	No	No	No	No	Yes	FLJ21868
CSF1	1	No	No	No	No	No	No	Yes	No	No	"M-CSF, MCSF, MGC31930"
CUL4A	1	No	No	No	No	No	Yes	No	No	No	
CYP17A1	1	No	No	No	No	No	Yes	No	No	No	"CPT7, CYP17, P450C17, S17AH"
DAZAP1	1	Yes	No	No	No	No	No	No	No	No	MGC19907
DCTN1	1	No	No	No	No	No	No	No	No	Yes	
DDB2	1	No	No	No	No	No	No	No	No	Yes	"DDBB, FLJ34321, UV-DDB2, XPE"
DDR1	1	No	No	No	No	No	Yes	No	No	No	"CAK, CD167, EDDR1, NEP, NTRK4, PTK3A, RTK6"
DDX4	1	Yes	Yes	No	No	No	No	No	No	No	VASA
DDX41	1	Yes	No	Yes	No	No	No	No	No	No	"ABS, MGC8828"
DDX5	1	No	No	No	No	No	No	No	No	Yes	"G17P1, HLR1, p68"
DKK1	1	Yes	No	No	No	No	No	No	No	No	"DKK-1, SK"
DKK2	1	Yes	No	No	No	No	No	No	No	No	
DKK3	1	Yes	No	No	No	No	No	No	No	No	REIC
DKK4	1	Yes	No	No	No	No	No	No	No	No	
DUSP2	1	No	No	No	No	No	No	Yes	No	No	PAC-1
DUSP9	1	No	No	No	No	No	No	Yes	No	No	"MKP-4, MKP4"
ECSIT	1	Yes	Yes	No	No	No	No	No	No	No	SITPEC
EIF2B1	1	Yes	No	Yes	No	No	No	No	No	No	"EIF-2B, EIF-2Balpha, EIF2B, EIF2BA"
EIF3E	1	No	No	No	No	No	No	No	No	Yes	"EIF3S6, INT6, eIF3-p48"
ELK4	1	No	No	No	No	No	No	No	No	Yes	
ELN	1	No	No	No	No	No	No	Yes	No	No	"SVAS, WBS, WS"
ELP2	1	No	No	No	No	No	No	Yes	No	No	"FLJ10879, STATIP1, StIP"
EPHB4	1	No	No	No	No	No	Yes	No	No	No	"HTK, Tyro11"
ERC1	1	No	No	No	No	No	No	No	No	Yes	"CAST2, ELKS, KIAA1081, MGC12974, RAB6IP2"
ETS1	1	No	No	No	No	No	No	Yes	No	No	"ETS-1, EWSR2, FLJ10768"
EXOSC6	1	No	No	No	No	No	No	Yes	No	No	"EAP4, MTR3, Mtr3p, hMtr3p, p11"
EXT2	1	No	No	No	No	No	No	No	No	Yes	SOTV
FAF1	1	No	No	No	No	No	No	Yes	No	No	"CGI-03, HFAF1s, UBXD12, UBXN3A, hFAF1"
FAT4	1	No	No	No	No	No	No	No	No	Yes	"CDHF14, CDHR11, FAT-J"
FBXO31	1	No	No	No	No	No	No	Yes	No	No	
FBXW2	1	Yes	No	No	No	No	No	No	No	No	"FBW2, Fwd2, Md6"
FGF12	1	No	No	No	No	No	Yes	No	No	No	"FGF12B, FHF1"
FIP1L1	1	No	No	No	No	No	No	No	No	Yes	"DKFZp586K0717, FIP1"
FLYWCH1	1	No	No	No	No	No	No	Yes	No	No	DKFZp761A132
FNBP1	1	No	No	No	No	No	No	Yes	No	No	"FBP17, KIAA0554"
FOLH1	1	Yes	Yes	No	No	No	No	No	No	No	"FOLH, GCPII, NAALAD1, NAALAdase, PSM, PSMA"
FRS2	1	No	No	No	No	No	No	Yes	No	No	"FRS2A, FRS2alpha, SNT-1"
FZR1	1	Yes	Yes	Yes	No	No	No	No	No	No	"CDC20C, FZR, FZR2, HCDH, HCDH1, KIAA1242"
GABRA6	1	No	No	No	No	No	Yes	No	No	No	
GADD45B	1	No	No	No	No	No	No	Yes	No	No	"DKFZP566B133, GADD45BETA, MYD118"
GATA4	1	No	No	No	No	No	Yes	No	No	No	
GATA6	1	No	No	No	No	No	Yes	No	No	No	
GMPS	1	No	No	No	No	No	No	Yes	No	No	GATD7
GOLGA5	1	No	No	No	No	No	No	No	No	Yes	"GOLIM5, golgin-84, ret-II, rfg5"
GOPC	1	No	No	No	No	No	No	No	No	Yes	"CAL, GOPC1, PIST, dJ94G16.2"
GPC3	1	No	No	No	No	No	No	No	No	Yes	"DGSX, OCI-5, SDYS, SGB, SGBS, SGBS1"
GRM3	1	No	No	No	No	No	Yes	No	No	No	"GPRC1C, MGLUR3, mGlu3"
GTSE1	1	No	No	No	No	No	No	Yes	No	No	"B99, GTSE-1"
H3C15	1	Yes	No	No	No	No	No	No	No	No	"H3/n, H3/o, HIST2H3A"
H3P6	1	Yes	No	No	No	No	No	No	No	No	H3F3AP4
HIRA	1	No	No	No	No	Yes	No	No	No	No	"DGCR1, TUP1, TUPLE1"
HNRNPA2B1	1	No	No	No	No	No	No	No	No	Yes	HNRPA2B1
HOOK3	1	No	No	No	No	No	No	No	No	Yes	
HOXA3	1	No	No	No	No	No	No	Yes	No	No	HOX1E
HSD17B2	1	Yes	No	Yes	No	No	No	No	No	No	"HSD17, SDR9C2"
HSD3B1	1	No	No	No	No	No	Yes	No	No	No	"HSD3B, HSDB3, SDR11E1"
HTATIP2	1	Yes	No	Yes	No	No	No	No	No	No	"CC3, FLJ26963, SDR44U1, TIP30"
ID1	1	Yes	Yes	No	No	No	No	No	No	No	"bHLHb24, dJ857M17.1.2"
IKBKB	1	No	No	No	No	No	No	No	No	Yes	"IKK-beta, IKK2, IKKB, NFKBIKB"
IKZF2	1	No	No	No	No	No	No	Yes	No	No	"Helios, ZNFN1A2"
IL2	1	No	No	No	No	No	No	No	No	Yes	"IL-2, TCGF"
INPP5D	1	No	No	No	No	No	No	Yes	No	No	"SHIP, SHIP1, hp51CN"
INTS6	1	Yes	No	Yes	No	No	No	No	No	No	"DBI-1, DDX26, DDX26A, DICE1, HDB, Notchl2"
IQGAP1	1	Yes	Yes	No	No	No	No	No	No	No	"HUMORFA01, KIAA0051, p195"
IRF2	1	No	No	No	No	No	Yes	No	No	No	
IRS4	1	No	No	No	No	No	No	No	No	Yes	"IRS-4, PY160"
JAZF1	1	No	No	No	No	No	No	Yes	No	No	"DKFZp761K2222, TIP27, ZNF802"
KAT6B	1	No	No	No	No	No	No	No	No	Yes	"MOZ2, MYST4, Morf, ZC2HC6B, qkf, querkopf"
KAT7	1	Yes	Yes	No	No	No	No	No	No	No	"HBO1, HBOA, MYST2, ZC2HC7"
KCNJ5	1	No	No	No	No	No	No	No	No	Yes	"GIRK4, KATP1, Kir3.4, LQT13"
KDM2B	1	No	No	No	No	No	No	Yes	No	No	"CXXC2, FBXL10, Fbl10, JHDM1B, PCCX2"
KDM4C	1	No	No	No	No	No	No	Yes	No	No	"GASC1, JMJD2C, KIAA0780, TDRD14C"
KEL	1	No	No	No	No	No	Yes	No	No	No	"CD238, ECE3"
KLF2	1	Yes	No	Yes	No	No	No	No	No	No	LKLF
KLF3	1	Yes	No	Yes	No	No	No	No	No	No	BKLF
KLF6	1	No	No	No	No	No	No	No	No	Yes	"BCD1, COPEB, CPBP, GBF, PAC1, ST12, Zf9"
KLK2	1	No	No	No	No	No	No	No	No	Yes	
KNL1	1	No	No	No	No	No	No	No	No	Yes	"AF15Q14, CASC5, CT29, D40, KIAA1570, MCPH4, PPP1R55, Spc7, hKNL-1, hSpc105"
KTN1	1	No	No	No	No	No	No	No	No	Yes	"KIAA0004, KNT"
LARP4B	1	Yes	No	No	No	No	No	No	No	No	"KIAA0217, LARP5"
LCP1	1	No	No	No	No	No	No	Yes	No	No	"CP64, L-PLASTIN, LC64P, PLS2"
LGR5	1	Yes	Yes	No	No	No	No	No	No	No	"FEX, GPR49, GPR67, HG38"
LIFR	1	No	No	No	No	No	No	No	No	Yes	CD118
LMNA	1	No	No	No	No	No	No	No	No	Yes	"CMD1A, HGPS, LGMD1B, LMN1, LMNL1, PRO1"
LRIG3	1	No	No	No	No	No	No	No	No	Yes	"FLJ90440, KIAA3016"
LRP5	1	Yes	Yes	Yes	No	No	No	No	No	No	"BMND1, EVR1, EVR4, LR3, LRP7, OPPG, OPS, OPTA1, VBCH2"
LRP6	1	Yes	Yes	No	No	No	No	No	No	No	ADCAD2
LRRK2	1	No	No	No	No	No	No	Yes	No	No	"DKFZp434H2111, FLJ45829, PARK8, RIPK7, ROCO2"
MAGED1	1	No	No	No	No	No	No	Yes	No	No	"DLXIN-1, NRAGE"
MAL2	1	Yes	No	Yes	No	No	No	No	No	No	
MAML2	1	No	No	No	No	No	No	No	No	Yes	"KIAA1819, MAM3"
MAP3K6	1	No	No	No	No	No	No	Yes	No	No	"ASK2, MAPKKK6, MEKK6"
MAP3K7	1	No	No	No	No	No	No	Yes	No	No	"MEKK7, TAK1"
MAP4K4	1	Yes	Yes	No	No	No	No	No	No	No	"FLH21957, HGK, NIK"
MBD4	1	Yes	No	Yes	No	No	No	No	No	No	
MBD6	1	Yes	No	Yes	No	No	No	No	No	No	KIAA1887
MDS2	1	No	No	No	No	No	No	Yes	No	No	
MEF2D	1	Yes	Yes	No	No	No	No	No	No	No	
MIB1	1	No	No	No	No	No	No	Yes	No	No	"DIP-1, KIAA1323, MIB, ZZANK2, ZZZ6"
MIDEAS	1	Yes	No	Yes	No	No	No	No	No	No	"C14orf117, C14orf43, ELMSAN1, LSR68"
MKNK1	1	No	No	No	No	No	Yes	No	No	No	MNK1
MLLT11	1	No	No	No	No	No	No	No	No	Yes	AF1Q
MNX1	1	No	No	No	No	No	No	Yes	No	No	"HB9, HLXB9, HOXHB9, SCRA1"
MTCP1	1	No	No	No	No	No	No	No	No	Yes	"P13MTCP1, TCL1C, p8MTCP1"
MYBL1	1	Yes	Yes	No	No	No	No	No	No	No	"A-myb, AMYB"
MYO18A	1	No	No	No	No	No	No	Yes	No	No	"KIAA0216, MysPDZ"
MYO5A	1	No	No	No	No	No	No	No	No	Yes	"MYH12, MYO5, MYR12"
NAB2	1	No	No	No	No	No	No	No	No	Yes	MADER
NACA	1	No	No	No	No	No	No	Yes	No	No	NACA1
NBEAP1	1	No	No	No	No	No	No	Yes	No	No	"BCL8, BCL8A"
NCOA1	1	No	No	No	No	No	No	No	No	Yes	"F-SRC-1, KAT13A, NCoA-1, RIP160, bHLHe74"
NCOA4	1	No	No	No	No	No	No	No	No	Yes	"ARA70, DKFZp762E1112, ELE1, PTC3, RFG"
NFATC2	1	No	No	No	No	No	No	No	No	Yes	"NF-ATP, NFAT1, NFATp"
NFIB	1	No	No	No	No	No	No	No	No	Yes	"NFI-RED, NFIB2, NFIB3"
NFKBIE	1	No	No	No	No	No	No	No	No	Yes	IKBE
NOD1	1	No	No	No	No	No	No	Yes	No	No	"CARD4, CLR7.1, NLRC1"
NONO	1	No	No	No	No	No	No	No	No	Yes	"NMT55, NRB54, P54, P54NRB, PPP1R114"
NUTM2B	1	No	No	No	No	No	No	No	No	Yes	"FAM22B, bA119F19.1"
OLIG2	1	No	No	No	No	No	No	No	No	Yes	"BHLHB1, OLIGO2, PRKCBP2, RACK17, bHLHe19"
OMD	1	No	No	No	No	No	No	Yes	No	No	"SLRR2C, osteoadherin"
PAG1	1	No	No	No	No	No	No	Yes	No	No	PAG
PAK3	1	No	No	No	No	No	No	Yes	No	No	"MRX30, MRX47, bPAK, hPAK3"
PARP2	1	No	No	No	No	No	Yes	No	No	No	"ADPRTL2, ARTD2"
PARP3	1	No	No	No	No	No	Yes	No	No	No	"ADPRT3, ADPRTL3, ARTD3, IRT1, hPARP-3, pADPRT-3"
PASK	1	No	No	No	No	No	No	Yes	No	No	"KIAA0135, PASKIN, STK37"
PATZ1	1	No	No	No	No	No	No	No	No	Yes	"MAZR, PATZ, RIAZ, ZBTB19, ZNF278, ZSG, dJ400N23"
PC	1	No	No	No	No	No	No	Yes	No	No	PCB
PCLO	1	No	No	No	No	No	No	Yes	No	No	"ACZ, DKFZp779G1236, KIAA0559"
PCSK7	1	No	No	No	No	No	No	Yes	No	No	"LPC, PC7, PC8, SPC7"
PDCD11	1	No	No	No	No	No	No	Yes	No	No	"ALG-4, KIAA0185, NFBP, RRP5"
PHF1	1	No	No	No	No	No	No	Yes	No	No	"MTF2L2, PCL1, TDRD19C"
PHF19	1	Yes	Yes	No	No	No	No	No	No	No	"DKFZP727G051, MTF2L1, PCL3, TDRD19B"
PIK3C2B	1	No	No	No	No	No	Yes	No	No	No	"C2-PI3K, PI3K-C2beta"
POLG	1	Yes	No	No	No	No	No	No	No	No	"POLG1, POLGA"
POLQ	1	No	No	No	No	No	No	No	No	Yes	
POU3F4	1	Yes	Yes	No	No	No	No	No	No	No	"BRN4, DFN3, DFNX2, OTF9"
POU5F1	1	No	No	No	No	No	No	No	No	Yes	"MGC22487, OTF3, Oct4"
PPFIBP1	1	No	No	No	No	No	No	No	No	Yes	"SGT2, hSGT2, hSgt2p"
PPP1CB	1	No	No	No	No	No	No	Yes	No	No	"MP, PP-1B, PP1B, PP1beta, PP1c, PPP1beta"
PRCC	1	No	No	No	No	No	No	No	No	Yes	RCCP1
PRF1	1	No	No	No	No	No	No	No	No	Yes	"HPLH2, PFP"
PRKDC	1	No	No	No	No	No	No	Yes	No	No	"DNA-PKC, DNA-PKcs, DNAPK, DNAPKc, DNPK1, HYRC, HYRC1, XRCC7, p350, p460"
PRPF8	1	Yes	No	Yes	No	No	No	No	No	No	"PRPC8, Prp8, RP13, SNRNP220, hPrp8"
PRSS1	1	Yes	No	No	No	No	No	No	No	No	TRY1
PRSS8	1	No	No	No	No	No	No	Yes	No	No	
PSMB2	1	Yes	Yes	No	No	No	No	No	No	No	HC7-I
PTK6	1	No	No	No	No	No	No	No	No	Yes	BRK
PTK7	1	No	No	No	No	No	No	Yes	No	No	CCK4
PTPN13	1	No	No	No	No	No	No	No	No	Yes	"PTP-BAS, PTP-BL, PTP1E, PTPL1"
PTPN6	1	No	No	No	No	No	No	Yes	No	No	"HCPH, PTP-1C, SHP-1, SHP1"
PTPRB	1	No	No	No	No	No	No	No	No	Yes	PTPB
PTPRC	1	No	No	No	No	No	No	No	No	Yes	"CD45, T200"
PTPRK	1	No	No	No	No	No	No	No	No	Yes	R-PTP-kappa
PUM1	1	Yes	No	No	No	No	No	No	No	No	"KIAA0099, PUMH1"
RAD17	1	Yes	No	Yes	No	No	No	No	No	No	"CCYC, RAD17Sp, Rad24"
RALGDS	1	No	No	No	No	No	No	Yes	No	No	"RGDS, RGF, RalGEF"
RANBP2	1	No	No	No	No	No	No	No	No	Yes	"ADANE, ANE1, NUP358"
RASGEF1A	1	No	No	No	No	No	No	Yes	No	No	"CG4853, FLJ37817"
REV3L	1	Yes	Yes	No	No	No	No	No	No	No	"POLZ, REV3"
RMI2	1	No	No	No	No	No	No	No	No	Yes	"BLAP18, C16orf75, MGC24665"
RNASEH2A	1	Yes	Yes	No	No	No	No	No	No	No	"RNASEHI, RNHIA, RNHL"
RNASEH2B	1	Yes	No	Yes	No	No	No	No	No	No	"AGS2, DLEU8, FLJ11712"
RNF217-AS1	1	No	No	No	No	No	No	Yes	No	No	STL
RPL10	1	No	No	No	No	No	No	No	No	Yes	"DXS648, DXS648E, FLJ23544, L10, QM"
RPL5	1	No	No	No	No	No	No	No	No	Yes	"L5, PPP1R135, uL18"
RSPO3	1	No	No	No	No	No	No	No	No	Yes	"FLJ14440, THSD2"
RUNX2	1	No	No	No	No	No	No	Yes	No	No	"AML3, CBFA1, CCD, CCD1, PEBP2A1, PEBP2aA1"
S1PR2	1	No	No	No	No	No	No	Yes	No	No	"AGR16, DFNB68, EDG5, Gpcr13, H218"
SALL4	1	No	No	No	No	No	No	No	No	Yes	"ZNF797, dJ1112F19.1"
SBDS	1	No	No	No	No	No	No	No	No	Yes	"CGI-97, FLJ10917, SDO1, SWDS"
SEC31A	1	No	No	No	No	No	No	Yes	No	No	"ABP125, ABP130, KIAA0905, SEC31L1"
SEPTIN5	1	No	No	No	No	No	No	Yes	No	No	"HCDCREL-1, PNUTL1, SEPT5"
SEPTIN6	1	No	No	No	No	No	No	Yes	No	No	"KIAA0128, MGC16619, MGC20339, SEPT6"
SEPTIN9	1	No	No	No	No	No	No	Yes	No	No	"AF17q25, KIAA0991, MSF, MSF1, PNUTL4, SEPT9, SeptD1"
SERP2	1	No	No	No	No	No	No	Yes	No	No	"C13orf21, bA269C23.1"
SFPQ	1	No	No	No	No	No	No	No	No	Yes	PPP1R140
SFRP1	1	Yes	No	Yes	No	No	No	No	No	No	"FRP-1, SARP2"
SFRP2	1	Yes	Yes	Yes	No	No	No	No	No	No	"FRP-2, SARP1, SDF-5"
SFRP4	1	No	No	No	No	No	No	No	No	Yes	"FRP-4, FRPHE, FRZB-2, frpHE"
SIX1	1	No	No	No	No	No	No	No	No	Yes	DFNA23
SLC1A2	1	No	No	No	No	No	No	Yes	No	No	"EAAT2, GLT-1"
SLC45A3	1	No	No	No	No	No	No	No	No	Yes	"IPCA-2, IPCA-6, IPCA-8, PCANAP2, PCANAP6, PCANAP8, prostein"
SMARCA1	1	No	No	No	No	No	No	Yes	No	No	"ISWI, NURF140, SNF2L, SNF2L1, SNF2LB, SWI, hSNF2L"
SNCAIP	1	No	No	No	No	No	Yes	No	No	No	SYPH1
SND1	1	No	No	No	No	No	No	No	No	Yes	"TDRD11, p100"
SNX29	1	No	No	No	No	No	No	Yes	No	No	"FLJ12363, RUNDC2A"
SOCS2	1	No	No	No	No	No	No	Yes	No	No	"CIS2, Cish2, SOCS-2, SSI-2, SSI2, STATI2"
SOX10	1	No	No	No	No	No	No	Yes	No	No	"DOM, WS2E, WS4"
SQSTM1	1	Yes	Yes	No	No	No	No	No	No	No	"A170, OSIL, PDB3, p62B"
SS18L1	1	No	No	No	No	No	No	No	No	Yes	"CREST, KIAA0693"
STAT1	1	Yes	No	No	No	No	No	No	No	No	"ISGF-3, STAT91"
STAT2	1	Yes	No	No	No	No	No	No	No	No	STAT113
STAT4	1	No	No	No	No	No	No	Yes	No	No	
STIL	1	No	No	No	No	No	No	No	No	Yes	"MCPH7, SIL"
STRN	1	No	No	No	No	No	No	No	No	Yes	"PPP2R6A, STRN1"
TAF1	1	No	No	No	No	No	No	Yes	No	No	"BA2R, CCG1, CCGS, DYT3, DYT3/TAF1, KAT4, NSCL2, TAFII250"
TCEA1	1	No	No	No	No	No	No	No	No	Yes	"GTF2S, SII, TCEA, TF2S, TFIIS"
TCF12	1	No	No	No	No	No	No	No	No	Yes	"HEB, HTF4, HsT17266, bHLHb20, p64"
TCL1B	1	Yes	Yes	No	No	No	No	No	No	No	TML1
TEC	1	No	No	No	No	No	No	Yes	No	No	PSCTK4
TERC	1	No	No	No	No	No	Yes	No	No	No	"SCARNA19, TRC3, hTR"
TFEB	1	No	No	No	No	No	No	No	No	Yes	"TCFEB, bHLHe35"
TFPT	1	No	No	No	No	No	No	Yes	No	No	"FB1, INO80F, amida"
TFRC	1	No	No	No	No	No	No	Yes	No	No	"CD71, TFR1, p90"
TIGAR	1	Yes	Yes	No	No	No	No	No	No	No	C12orf5
TIPARP	1	No	No	No	No	No	Yes	No	No	No	"ARTD14, DDF1, DKFZP434J214, DKFZp686N0351, PARP-1, PARP-7, PARP7, RM1, pART14"
TLE1	1	Yes	No	No	No	No	No	No	No	No	"ESG1, GRG1"
TLE2	1	Yes	No	No	No	No	No	No	No	No	"ESG, ESG2, FLJ41188, GRG2"
TLE3	1	Yes	No	No	No	No	No	No	No	No	"ESG3, GRG3, HsT18976, KIAA1547"
TLE4	1	Yes	No	No	No	No	No	No	No	No	"E(spl), GRG4"
TLL2	1	No	No	No	No	No	No	Yes	No	No	
TMEM30A	1	No	No	No	No	No	No	Yes	No	No	"C6orf67, CDC50A, FLJ10856"
TMSB4XP8	1	No	No	No	No	No	No	Yes	No	No	TMSL3
TNFRSF11A	1	No	No	No	No	No	No	Yes	No	No	"CD265, FEO, LOH18CR1, PDB2, RANK"
TNFSF13	1	Yes	Yes	No	No	No	No	No	No	No	"APRIL, CD256"
TPR	1	No	No	No	No	No	No	No	No	Yes	
TRIM33	1	No	No	No	No	No	No	No	No	Yes	"FLJ11429, KIAA1113, PTC7, RFG7, TF1G, TIF1G, TIF1GAMMA, TIFGAMMA"
TRRAP	1	No	No	No	No	No	No	No	No	Yes	"PAF400, TR-AP, Tra1"
TTL	1	No	No	No	No	No	No	Yes	No	No	MGC46235
TUSC3	1	No	No	No	No	No	No	Yes	No	No	"MGC13453, MRT22, MRT7, MagT2, N33, OST3A, SLC58A2"
TYRO3	1	No	No	No	No	No	Yes	No	No	No	"Brt, Dtk, Etk-2, RSE, Rek, Sky, Tif"
UBE2A	1	Yes	Yes	No	No	No	No	No	No	No	"HHR6A, HR6A, RAD6A, UBC2"
WAS	1	No	No	No	No	No	No	No	No	Yes	"IMD2, THC, WASP, WASPA"
WDCP	1	No	No	No	No	No	No	No	No	Yes	"C2orf44, FLJ21945, MMAP"
WDR90	1	No	No	No	No	No	No	Yes	No	No	"C16orf15, C16orf16, C16orf17, C16orf18, C16orf19, FLJ36483, KIAA1924, POC16"
WRN	1	No	No	No	No	No	No	No	No	Yes	"RECQ3, RECQL2"
WWP1	1	Yes	Yes	No	No	No	No	No	No	No	"AIP5, DKFZP434D2111"
XPA	1	No	No	No	No	No	No	No	No	Yes	"XP1, XPAC"
XPC	1	No	No	No	No	No	No	No	No	Yes	"RAD4, XPCC"
YPEL5	1	No	No	No	No	No	No	Yes	No	No	CGI-127
YWHAE	1	No	No	No	No	No	No	No	No	Yes	FLJ45465
YY1	1	Yes	Yes	No	No	No	No	No	No	No	"INO80S, UCRBP, YIN-YANG-1"
YY1AP1	1	No	No	No	No	No	No	Yes	No	No	"HCCA2, YAP, YY1AP"
ZBTB20	1	Yes	Yes	Yes	No	No	No	No	No	No	"DKFZp566F123, DPZF, ODA-8S, ZNF288"
ZBTB7A	1	No	No	No	No	Yes	No	No	No	No	"DKFZp547O146, FBI-1, LRF, ZBTB7, ZNF857A, pokemon"
ZFP36L1	1	Yes	No	Yes	No	No	No	No	No	No	"Berg36, RNF162B, TIS11B, cMG1"
ZFP36L2	1	Yes	No	Yes	No	No	No	No	No	No	"ERF2, RNF162C, TIS11D"
ZMYM3	1	No	No	No	No	No	No	Yes	No	No	"DXS6673E, KIAA0385, ZNF198L2, ZNF261"
ZNF24	1	No	No	No	No	No	No	Yes	No	No	"KOX17, ZNF191, ZSCAN3, Zfp191"
ZNF331	1	No	No	No	No	No	No	No	No	Yes	"RITA, ZNF361, ZNF463"
ZNF750	1	Yes	No	Yes	No	No	No	No	No	No	"FLJ13841, Zfp750"